30934-海外游戏运营资深经理（深圳）,深圳,"负责求生类产品的在中东地区游戏内活动设计和商业化体系设计，如活跃向活动策划、商城设计、道具定价策略等相关工作；
探索、把控阿拉伯市场用户游戏习惯和付费模式、当地市场规律、擅长捕捉市场和行业热点，能快速响应市场热度变化并针对性给出运营方案；
优秀的数据分析能力、沟通能力，能结合本地化、商业化设计，对游戏商业化进程进行预估和调整；
对阶段性版本的商业化表现进行量化分析，总结优化项目，持续提升达成整体目标；
深度挖掘用户潜在诉求，拓展游戏内商业化空间，持续进行精细化的商业化投放。","本科及以上学历，5年及以上游戏行业工作经验，3年及以上游戏运营工作经验，有国际业务背景优先；
熟悉游戏生命周期各阶段运营工作，具有优秀的团队沟通和执行能力，有FPS、BR游戏品类策划或运营经验优先；
热爱游戏，热爱国际业务，对海外移动手机游戏行业有浓厚的兴趣和深入的了解；具有优秀的细节关注力和抗压能力；
具备优秀的自我驱动力，工作认真、细致，责任感强；有敏锐的洞察力和快速学习的能力；具备创新能力，能接受挑战；良好的沟通协调能力和团队合作精神，心态开放； 
有较强的文字表达能力，熟悉游戏发行流程，熟悉国际业务流程，能独立规划和协调各个交叉模块成员的工作；具备较强的沟通能力和技巧，能够应对跨部门、跨公司、跨文化的合作交流。"
22989-腾讯云网络后台系统开发工程师（深圳）,深圳,"负责腾讯云网络后台系统的开发， 主要包括：
 腾讯云精品网络相关的调度需求设计，开发；
 腾讯云精品网络相关的监控需求设计，开发；
 腾讯云精品网络后台系统的稳定运营和演进。","1. 3年以上工作经验， 熟悉c/c++等开发语言；
2. 有较好的系统分析设计能力，追求简洁之美；
3. 熟悉linux系统， 熟悉linux网络编程；
4. 有过高并发，高可用系统研发经验；
5. 对新技术有强烈的兴趣，动手能力强者为佳。  通过腾讯云技术认证或同等资格认证的优先录取。"
PCG14-应用宝平台高级产品经理（深圳）,深圳总部,"1、负责应用宝平台核心场景的搭建，包括但不限于首页推荐，搜索，优惠，短视频等，设计相应产品服务，满足用户需求，为用户体验负责；
2、优化上述核心场景的推荐策略，通过用户行为分析，算法效果评估，badcase问题定位等方式，联动算法工程团队优化策略，提升分发转化；
3、结合用户画像和用户行为，对上述场景进行精细化的内容运营和功能运营，包括但不限于根据不同人群特征，设计相应的前端体验，以及内容调性等；","1、拥有产品策划和运营经验，积累一定的产品设计和运营方法论；
2、善于数据分析，对数据敏感，通过数据驱动产品优化，能掌握一定的数据分析工具；
3、对推荐策略有一定的了解，有推荐策略相关的工作经历更佳；
4、目标感强，强结果导向；
5、善于沟通，心态开放；"
30361-创新文学/音频平台Android开发工程师,深圳总部,"负责腾讯创新文学及音频平台的Android客户端研发工作；
负责移动端文学音频终端应用版本现有功能的维护及新功能模块的开发；
负责定位并解决现有模块存在的问题；
负责承担版本的系统设计、性能及内存等调优工作；
拥有前端/混合开发技术栈经验者优先。","本科及以上学历，计算机软件、通讯等相关专业；
有扎实的Java语言基础，理解面向对象设计基本原则，能熟练运用常用设计模式；
熟悉Android平台开发技术，包括UI、网络、多媒体等方面；
熟悉Android开发调试工具和性能分析工具的使用；
具有良好的分析问题和解决问题的能力，乐于面对挑战性问题；
拥有技术热情，能够自我学习，对于新技术能够主动专研尝试；
工作积极主动，善于沟通，具备较强的团队协作意识和能力。"
30360-用户增长数据挖掘高级工程师,深圳,"负责QQ平台用户增长的数据挖掘/分析/机器学习模型建设工作；
负责海量用户的画像建设，并落地到推荐/增长策略；
大数据挖掘分析，探寻增长机会，建设实验机制持续驱动产品增长计划；
QQ渠道价值优化，通过画像/特征工程/lookalike等方法提升转化率。","善于在大数据中挖掘价值，优秀的产品/数据sense，逻辑思维；
精通python编程，熟悉java/C++/Scala等语言；
精通数据挖掘、机器学习、分布式计算等相关技术,两年以上工作经验；
熟练掌握spark/hadoop/Hbase/es等大数据处理框架；
熟悉用户画像建设，熟悉推荐系统相关机器学习背景尤佳；
良好的团队合作能力，较强的沟通表达能力。"
30625-腾讯广告KA电商行业数据运营经理,深圳总部,"1、通过MI和DMP工具，搭建广告主人群分析模型，定期输出人群触媒分析报表，指导客户指定投放策略；
2、客户数据分析报表搭建及优化，提升内部运营和客户投放效率；","1、对广告行业数据指标有一定经验，理解业务并能梳理核心指标监控体系；
2、了解人群标签DMP平台使用经验，能通过人群分析寻找业务机会点；
3、有逻辑性、有商业敏感度，能及时通过数据分析机会点和问题点。"
30625--腾讯广告KA游戏行业运营经理,深圳,"负责游戏KA广告主的全栈式运营服务，对其投放的广告消耗和效果负责； 
基于对行业、广告主需求及游戏特性的深入分析，为广告主定制运营全案，并落地执行和迭代优化；
在游戏分品类分周期运营、目标玩家数据定制和游戏广告创意等维度沉淀精细化方法论，搭建运营服务体系；
探索新的游戏广告模式，维系更健康游戏广告生态。","本科及以上学历，两年以上完整过程的网络游戏相关运营经验； 
热爱游戏、熟悉各种品类游戏特征、了解玩家，并对游戏有自己独到的理解； 
对互联网产品数据敏感，具备优秀的运营能力，能对产品与市场状况进行深入洞察； 
有较强的计划能力、多线程产品管理能力和组织协调能力； 
积极主动，团队合作意识强，善于沟通及表达，能承担较强工作压力。"
30629-腾讯广告行业市场经理,北京,"全面负责腾讯广告面对快消行业的市场营销工作。
以市场手段，提升快消行业核心客户、决策人及潜在客户对腾讯广告所提供解决方案、产品及服务的认知度与好感度、开拓潜在细分市场与客户，最终协助销售团队做到业务有效提升。","4年以上从业经验；
有较强的内容撰写能力和项目策划能力，有成功的toB行业市场营销项目推广项目经验者优先； 
具有良好的跨团队沟通能力和一定的媒体、品牌BD合作、供应商资源和合作项目管理经验。"
WXG02-122 微信智聆发音评测高级研究员（北京）,北京,负责中英文发音评估算法实现和优化。,三年以上的发音评估研究工作经验。
WXG02-113 微信数据平台开发工程师（深圳）,深圳总部,负责微信大数据计算平台开发、机器学习算法开发、数据计算性能和算法调优、高性能数据服务框架设计与开发；提升微信大数据平台的影响力和易用性。,"计算机相关专业本科及以上学历，二年以上开发工作经验，有扎实的计算机理论基础；
注重高性能，熟悉常用的服务端程序的性能优化方法，对计算机硬件优化有一定了解；
精通C/C++等服务端编程，有良好的编码习惯；
熟悉Unix/Linux操作系统；
熟悉图算法（例如PageRank、Embedding等）和传统机器学习算法（例如LR、GBDT等）者优先。"
WXG08-121 微信商业数据分析工程师（广州）,广州,"根据产品业务设计、开发合适的数据评估模型及指标体系，及时监控发现业务发展中遇到的各种问题；
对产品业务问题进行逻辑抽象，将现实业务问题转化为逻辑、可量化问题，并进行相应的数学建模；
从逻辑、模型、实证角度，思考提出业务的潜在优化策略，并通过实验等量化评估方式，进行策略的有效性确认；
评估各种策略的实证效果及因果关系分析，支持产品运营决策，驱动产品体验优化及业务快速增长；","本科及以上学历,统计学、应用数学、应用经济学、运筹学等数据科学相关专业；
严谨的逻辑思维能力和扎实的数理专业知识基础；
较强的动手实现能力，熟练使用SAS/R/Python/Matlab/SPSS等相关统计数学软件的一种；
具备自我驱动的研究热情，有学术研究成果发表者优先考虑。"
TEG15-高级计费产品经理（深圳）,深圳总部,"负责腾讯充值平台产品运营，把握关键节点，制定产品运营策略达到业务目标；
负责用户精细化运营，通过用户分层、习惯培养、品牌教育等策略提升用户留存，转化；
协调/推动内外团队、整合上下游资源，确保运营活动有节奏如期上线；
对运营效果进行收集&数据分析，总结经验调整运营策略",本科及以上学历； 至少具备5年以上产品运营工作经验、较强的执行力和进取心、有较强的团队合作、沟通能力和协作意识，抗压能力强； 较强的逻辑分析能力，有独立负责的相关项目经验；具备一定的数据分析基础，领悟能力强， 对产品流程、用户操作流程、及用户需求有深入理解，有游戏运营经验或商业化运营经验者优先。
17467-QQ浏览器高级品牌经理（深圳）,深圳,"独立负责核心业务的市场推广工作，并输出子品牌定位策略；
密切联动产品及运营，制定该业务的全年市场推广策略及打法；
协同市场研究、传播、媒介、渠道、创意等多个团队，确保市场计划高质量落地。","5年以上互联网品牌营销经验；
有独立负责全新品牌/子品牌，从定位策略到策划推广的完整成功经验者优先；
有网感有洞察，善于运用多种市场手段策划有传播力的市场活动。同时具备极强的项目管理能力，能够确保项目按时高质量的落地执行；
基于敏锐的行业洞察和策略思考能力，能够对业务提出策略方向规划建议；
有良好的沟通能力和团队合作精神，善于驱动跨部门配合协同取得业绩；
具有很强的自驱力和责任心，学习能力强，有良好的抗压能力。"
RP-HR客户高级经理,深圳,"职责：
1，参与HRSSC客户链接体系的设计及落地，建立有效连接客户与业务交付的链条，建立与客户的深度合作关系，解决及执行过程中的各种问题和挑战；
2，负责HRSSC常态业务全线程管理，包括不限于链接触达，需求接入，解决方案生成以及工作交付；
3，负责HRSSC新业务接入体系的完善和落地，负责HRSSC新接入业务的评审组织、计划排期、人力部署和培养，以及负责新接入业务的孵化，支持运营团队完成业务的移交、SLA的签署、流程及SOP的落地；
4，负责组织对业务流程进行效率、质量、遵从度、风险等要素的盘点分析，推动业务的持续改善； 健全数据的收集、预警和分析体系，为业务发展和改善提供客观建议。","1，本科及以上学历，5年+工作经验； 
2，具备良好的沟通能力和团队合作精神，以及出色的逻辑思维及数据分析能力；
3，具备咨询公司或同等的深度诊断分析客户端复杂问题的能力，以及客户体系优化升级项目经验者优先"
29316-员工关系经理（深圳）,深圳,"负责搭建事业群员工关系管理体系，制定年度员工关系各子模块工作规划；
负责完成相关运营工作，包括事业群各类关怀活动的组织策划、沟通平台的搭建、员工满意度调查等；
根据集团劳动关系管理政策要求，负责事业群内各类型用工管理、离职管理等工作；
负责事业群内各类特殊员工关系个案的处理，推动事业群内和谐员工关系的建立与不断优化；
做为事业群员工关系的专家，对HRBP以及部门管理干部进行专业赋能，有效前置风险管理和提升员工满意度；
与团队成员开放合作，主导员工关系类重点项目性工作。","大学本科以上学历，人力资源管理专业、心理学专业或法律专业优先；
5年以上大型企业员工关系管理实操工作经验；
熟悉国家和地方性相关劳动法律法规，熟悉企业劳动关系管理实践；
优秀的口头和书面表达能力，良好的沟通、组织、协调以及资源驱动与整合能力，有很好的主动沟通意愿及亲和力，善于倾听。"
RP-高级数据库开发工程师,深圳,"1、负责底层数据库建模，为微服务提供高效的数据库模型；
2、负责数据库总体设计、关键技术研究和实现，提供满足业务需求的数据库领域设计方案，并负责数据库重构演进规划；
3、负责及时排除数据库故障，并对数据库进行持续性能优化，确保数据库系统的高效可用、稳定、安全运行；
4、负责研发过程中关键设计的把关；
5、制定和实施数据库设计、开发规范。","1、计算机相关专业本科及以上，5年以上相关经历；
2、熟练掌握数据库建模的相关理论、方法及工具，至少有两个以上系统数据库建模项目经验；
3、熟悉常用的关系型/非关系型数据库如oracle、sqlserver、mysql，Redis、MongoDB、Hbase等
4、精通MySQL/Oracle的SQL开发和SQL调优，具备业务抽象、分解能力； 
5、熟悉MySQL/Oracle数据库体系结构和工作原理，熟悉常用存储引擎如InnoDB、MyISAM、NDB等的功能和特点；
6、熟悉MySQL数据库分库分表策略、数据迁移方案，具备大型数据库高并发量设计经验，熟悉分布式架构设计；
7、熟悉MySQL常用高可用方案(Master-Slave，MMM、MHA)的使用，熟悉MaxSacle、MyCAT、TDDL中间件的使用；
8、熟练使用kettle等etl工具的使用；
9、熟悉Linux/Unix操作系统，熟悉Shell脚本编程及常用Linux系统管理命令；
10、工作态度认真负责，能承受一定的工作压力，具有良好的沟通能力和团队协作能力；
11、有PeopleSoft数据库开发经验者优先；
12、有DW/BI相关实践经验者优先；  
13、具有JAVA或者go开发经验者优先。"
27016-高级商业分析经理（深圳）,深圳总部,"分析行业发展趋势或创新的物联网、云计算等相关产品和技术，并确定腾讯基础技术的潜在机会；
监测行业竞争对手动态，深入了解企业客户、消费者对特定技术驱动的产品的需求，态度和使用情况；
与全球其他技术公司和高校开展外部合作，帮助加快产品创新和科研进度；
在企业和业务部门层面对广泛的管理问题提供战略分析和建议；
参加年度和季度业务规划和审查；
促进业务部门和职能部门的关键举措的执行；
工作地点：深圳，按需要前往美国等国家。","优秀的学术和企业内部学习工作背景，理工科优先；
对于物联网、云、基础计算平台、人工智能等技术产业的兴趣及强烈的学习热情；
正直、诚信和自主力；
愿意投入类似“创业团队”环境；
良好的沟通和人际交往能， 有效团队合作精神；
英文水平可以工作使用。"
27016-商业分析经理（深圳）,深圳总部,"负责“AI+行业”的战略分析和行业洞察，对游戏、泛娱乐、物联网、云计算、5G等相关领域进行行业扫描，寻找AI+的潜在合作点，输出行业洞察和战略分析报告；
关注技术发展趋势和竞争对手动态，深入了解企业客户、消费者对特定技术的需求、态度和使用情况；
在企业和业务部门层面对广泛的管理问题提供战略分析和建议；
促进业务部门和职能部门的关键举措的执行。","对于技术有一定了解和较强的学习兴趣，熟悉AI、物联网、云计算、5G、游戏AI、虚拟人行业者优先；
良好的逻辑思维能力、分析/解决问题能力，愿意投入类似“创业团队”环境；
良好的沟通/抗压能力，自我驱动，能跟各个团队保持良好的沟通协作关系；
正直、诚信和自主力；
理工科优先，英语可以用作工作语言使用。"
30361-天天P图美容美妆产品策划,上海,"1.关注时尚、了解用户，能从中提炼能力，运用于美容美妆产品功能设计，并跟进功能落地；
2.对效果好坏有敏锐的洞察力，并能科学评测出效果好坏，给出优化方案；
3.定期进行竞品分析、用户研究、数据分析，用以指导产品方向。","1.本科及以上学历；
2.3年以上互联网产品策划经验，做过美容美妆类产品优先；
3.熟悉市面上的美容美妆软件，了解行业趋势，对效果吹毛求疵；
4.具有较强的技术理解力，能快速捕捉行业新技术；
5.具有专业的数据分析能力，以数据驱动产品；
6.喜欢拍照、擅长P图、追求时尚；
7.极高的工作热情、良好的沟通协作能力。"
21309-在线教育高级交互设计师（深圳）,深圳总部,"1. 负责在线教育产品的交互设计，保证产品的可用性和易用性，为最终的产品体验和效果负责。
2. 参与产品的规划构思与用户研究，归纳用户目标洞察真实需求，能够结合项目制订设计规范，并推动在整个团队中的实施，参与团队的专业化建设，提高团队专业水准。","1、从事设计行业工作3年以上，有丰富的APP、H5、网页等交互设计工作经验，并有成功案例；
2、对交互设计理论有较深的了解和认识，熟练掌握用户研究、交互设计的相关专业知识和技巧，能熟练运用设计工具清晰直观表达设计意图；
3、对互联网产品发展趋势，产品总体规划有深刻的理解，对年轻人喜好或教育类产品有独特见解；
4、良好的口头表达能力和文档撰写能力，有较强的推动力和学习能力，工作有激情、积极主动、关注细节、善于合作；
5、精通Sketch、Axure等，具备较强的AE、动效设计、原型开发能力者优先。"
21309-在线教育—高级后台开发工程师（深圳）,深圳总部,"负责腾讯课堂、企鹅辅导等在线教育产品的后台开发；
负责平台业务的开发和维护；
负责部门相关业务的后台开发及维护。","本科及以上学历，计算机相关专业；
5年以上Unix/Linux下C/C++, Golang 或 JAVA开发经验；
熟悉Unix/Linux操作系统原理、常用工具；
全面并且扎实的软件知识结构（操作系统、软件工程、设计模式、数据结构、数据库系统、网络安全）；
具备良好的分析解决问题能力，能独立承担任务和有系统进度把控能力；
好学、责任心强、思维缜密敏捷、良好的对外沟通和团队协作能力；
有海量系统开发经验优先考虑。"
21309-在线教育—PC客户端开发工程师,深圳总部,"- 负责腾讯课堂、企鹅辅导PC客户端的架构设计、开发工作；
- 负责腾讯课堂、企鹅辅导PC客户端的数据分析、监控等工作。","工作要求：
- 计算机或相关专业本科及以上学历,一年以上PC客户端开发相关工作经验；
- 精通windows下C++开发，熟悉VC开发环境，至少做过1个大中型小项目的开发实施；
- 熟悉COM、ATL、MFC；
- 扎实的数据结构/算法基础；
- 较强的代码阅读能力，代码风格良好，能设计出高效、合理、易读、易于扩展的程序结构；
- 具备较强的团队精神、良好的表达和沟通能力，工作认真负责；
- 具有很强的新知识学习能力和错误调试排错能力。"
21309-在线教育—Web前端开发工程师（深圳）,深圳总部,"负责在线教育产品的 Web 全栈架构设计和研发；
负责 IMWeb Team 的开源项目建设和工具研发。","能够熟练运用 HTML5、CSS3、ES6 构建高性能的Web应用程序；
熟悉移动端Web开发或Hybrid开发模式更佳；
理解web标准和兼容性，对可用性相关知识有实际的了解和实践经验；
能够熟练运用至少一款主流的JS框架，具有良好的代码风格、接口设计与程序架构；
掌握至少一门服务器端编程语言，对 OOP 有一定的认识；
思路清晰，具备良好的沟通能力和团队协作精神；"
21309-在线教育—C/C++后台开发工程师（深圳）,深圳总部,"负责腾讯课堂、企鹅辅导等在线教育产品的后台开发；
负责平台业务的开发和维护；
负责部门相关业务的后台开发及维护。","本科以上学历，计算机相关专业；
具备Unix/Linux下C/C++ 2年以上开发经验， 熟悉常用的数据结构、算法，熟练使用STL等标准库；
精通TCP/IP协议，进程间通讯编程，熟悉Unix/Linux下常用架构设计方法；
熟悉Unix/Linux操作系统原理、常用工具， 熟悉Mysql/Oracle等数据库管理、开发,SQL调优；
全面的软件知识结构(操作系统、软件工程、设计模式、数据结构、数据库系统、网络安全)；
具备良好的分析解决问题能力，能独立承担任务和有系统进度把控能力；
责任心强,良好的对外沟通和团队协作能力；
有大容量通信系统开发经验者优先。"
21309-在线教育—推荐算法高级工程师（深圳）,深圳总部,"负责腾讯课堂、企鹅辅导等在线教育产品的个性化推荐场景（首页推荐、短视频推荐、搜索推荐等）；
主导产品推荐需求的技术路线调研；
主导推荐算法方案的落地方案预研。","计算机或相关专业本科以上学历，三年以上的互联网工作经验；
熟悉常用的推荐算法，深入理解常见机器学习或数据挖掘算法原理，熟悉常见的统计原理及方法；
有大数据分析工具相关的使用经验，熟悉Hadoop、Spark开发；
良好的数据意识，能结合产品通过数据分析发现有价值信息；
有机器学习系统开发经验优先。
了解深度学习最新进展，熟悉Caffe、Tensorflow、Torch、Theano、MxNet等其中一种框架优先考虑。"
29910-高级UI设计师（深圳）,深圳,"负责为内容平台相关产品进行视觉设计，以用户体验为基础，通过视觉设计给以产品赋予情感化、同时满足易用性的产品体验； 
负责为互联网内容产品与新功能提供用户界面的设计，跟进方案实现与用户反馈； 
负责为日常的平台活动及功能维护提供设计支持； 
参与前瞻性产品的创意设计和动态DEMO的实现。","本科或以上学历，人机交互、工业设计、多媒体、视觉传达等相关专业；
3年以上移动设计的工作经验，并且有完整线上案例；
有较深的设计理论与娴熟的设计技巧、拥有宽广的行业视野如平面设计、UI设计。对互联网发展趋势，行业动态有较为深入的见解；
富有激情、积极主动、关注细节、学习能力强，熟练掌握sketch，Photoshop，有建模与动画能力更佳； 
良好的口头表达能力和文档撰写能力、有较强的推动能力，工作有激情、积极主动、善于合作，英文能力强者更加。"
21482-王者荣耀职业电竞联盟经理,深圳,"1、负责梳理完善王者荣耀职业电竞联盟各项规章制度，包括对联盟已有规则的回顾完善，以及对后续规则设定的合理性评估；
2、负责王者荣耀职业电竞联盟各项法律相关业务支持；
3、KPL联盟管理及俱乐部赋能相关工作 ；
4、KPL海外联盟、王者模拟战联盟搭建及管理相关工作。",1、3年以上工作经验，具备法律专业背景；2、对游戏、电竞有了解，以及热爱；3、有电竞或传统体育相关从业经验者优先；4、具备优秀的逻辑分析能力、学习能力，沟通能力。
WXG03-小程序基础能力产品策划,广州,"负责小程序基础能力建设，包括接口和组件的设计等，能够独立完成产品设计、功能优化和项目推进；
从功能场景出发，负责梳理并完善小程序各细分场景下的通用产品解决方案，包括多媒体解决方案、硬件场景解决方案等，能够独立进行行业研究，产品分析，并根据分析结果设计可行方案；
3跟进用户反馈功能，对需求进行梳理、拆解、沉淀，并协同各行业伙伴对开发者进行引导、教育，为用户构建更优的小程序生态。","2年以上互联网产品经验，有较强的逻辑思维能力，技术背景优先；
对数据敏感，擅长通过数据指导产品方向，有数据分析能力优先。"
30620-腾讯广告微信广告策略产品经理(深圳）,深圳,"1、负责微信广告推荐策略设计工作：优化流量分配，提高流量转化效率，维护朋友圈和公众号生态健康；为一系列用户和环境场景的组合找到合适的投放策略。 
2、根据不同的广告形态或推广目标提供策略解决方案；推动广告推荐系统的精准度提升；将业务运营过程中遇到的问题抽象成算法可实现的需求，配合算法工程师做好算法评测和功能设计工作，并协调资源推动需求上线。 
3、用户在不同的时间和场景下适合收怎样的广告；如何基于微信社交关系链探索社交推荐玩法；如何使流量在不同的售卖方式和推广目标的分配中实现平衡…
如果你对这些问题感兴趣，欢迎来和微信广告的同学交流，我们期待和你一起，在广告行业里做些改变。","1、出色的数据和逻辑分析能力，能快速学习数据分析工具的使用方法。 
2、理解广告推荐系统背后的逻辑，了解主流平台的商业模式；对机器学习的常用算法有一定了解。 
3、优秀的产品设计和项目管理能力，能独立完成跨团队、跨职能的沟通协调工作 ，能快速解决合作中遇到的挑战。"
30626-腾讯广告渠道经理（WPP华东）,上海,"1、负责WPP华东部分代理业务的拓展与维护工作; 
2、负责部分代理公司广告产品及对客户的推广和销售工作，包括但不限于视频、游戏、社交广告等。 
3、了解客户需求，寻找销售机会。建立与代理公司的深度合作关系，解决销售及执行过程中的各种问题和挑战；","1、有3年以上互联网广告或媒体广告经验，对渠道代理生态熟悉，具有互联网代理公司/门户网站／视频网站公司销售经验者优先； 
2、对广告行业有浓厚的兴趣，热爱销售工作，敏锐的市场洞察力，超强的执行力; 
3、具备良好的客户拓展能力、服务能力，优秀的销售、谈判以及口笔表达交流的技巧；"
21309-儿童英语启蒙产品ABCmouse产品运营经理（深圳）,深圳,"负责3-8岁儿童英语启蒙产品ABCmouse的用户运营；
通过广告和社交流量获取用户，对用户增长负责；
优化群运营转化流程，拓展更丰富的付费转化方式，对收入负责。","2年以上互联网产品运营工作，有丰富的用户运营经验和积累；
有教育类产品用户运营经验，或有基于微信生态体系获客经验者优先考虑；
对工作有热情，热爱教育事业；
对数据敏感，逻辑性强，沟通能力强；
保持好奇心，喜欢新事物和挑战，保持学习和思辨能力。"
30359-灯塔-增长策略高级产品经理,深圳,"1、利用数据驱动，联合业务打造增长闭环实践；
2、抽象跨业务增长实践，沉淀增长通用方法论，推动其在多业务落地实施；
3、根据数据分析结论制定可在业务落地的增长策略，制定AB实验规则，驱动业务增长","1、有过数据驱动、实验驱动的增长闭环实践经验； 
2、熟练掌握用户行为分析模型及工具；
3、有较强结构化思维、逻辑思维能力，对数据敏感；
4、3年以上工作经验。"
30359-大数据平台运维开发工程师,深圳,负责大数据平台消息中间件/Hadoop/实时计算/OLAP的运营支撑和架构优化。,"1、计算机或相关专业本科及以上学历，二年以上大数据运维或开发工作经验；
2、熟悉linux开发环境，熟练掌握JAVA/GO/Python语言中的一种;
3、熟练掌握大数据常用开源组件的技术原理，有现网的hadoop、kafka等开源大数据组件运维或开发经验；
4、有较强的逻辑思维能力，思想上开放，主动积极有责任感，能够承担工作压力；
有hadoop、kafka、spark、flink等开源组件源码优化经验优先；"
30624-腾讯广告零售行业KA广告销售经理（上海）,上海,"销售达成: 负责KA零售客户的开发和维护工作，完成公司下达的销售任务（零售任务+品牌三方合作任务），建立与零售客户的良好合作关系；
运营协作：与公司关联部门联系沟通，确保项目的及时运营与问题反馈，以及资源的合理利用与开发；
推动解决方案：通过一线的客户沟通，敏感捕捉市场的需求，不断和公司关联部门提出并推动新的客户解决方案；
决策支持：收集并整理相关的市场及客户信息，及时将信息汇报上级，为公司的业务决策提供信息支持；","本科或以上学历，5年以上【互联网广告】或【零售行业】或【品牌商负责零售渠道】或【咨询行业】从业经验，对互联网产品在新零售环境下的应用有深刻的认识和理解；
拥有独立的开拓客户和建立长期合作关系的能力；
能够适应高强度，高节奏，多出差的工作模式应对新零售的行业竞争；
有长期ToB客户服务经验的优先；有广泛零售行业人脉的优先；熟悉广告策略的优先；新零售相关行业经验的优先；有产品经验的优先；
拥有快速学习和不断学习的习惯和能力；
具备良好的职业道德、敬业精神和团队精神；"
30624-腾讯广告消费品零售行业运营经理（上海）,上海,"负责腾讯广告（广点通、微信、腾讯新闻…）消费品零售行业客户账户运营，包括但不仅限于客户账户优化、行业打法探索、社交广告产品组合策略、数据分析、广告及广告主运营策略（广告主投放效果、广告平台变现能力）及优化
专项提升重点广告主效果，形成可传播的口碑材料
了解客户需求，动态寻找合作机会，协同销售策划等多职能寻找销售机会。建立与企业的深度合作关系，解决销售及执行过程中的各种问题和挑战；
负责运营类目行业的项目的沟通、执行、KPI、并且可以保质保量完成行业标准的交付
协调组织各类资源达成运营目标。","有3年以上互联网广告或媒体广告销售经验，对快速消费品行业熟悉，具有 4A公司/市场调研公司／咨询公司及CRM数据运营类公司及电商等经验优先
对广告行业有浓厚的兴趣，热爱运营工作，敏锐的市场洞察力，超强的执行力，能处理细项工作类目和认真仔细者优先
对某些行业的关键广告主的广告投放需求及流程有深刻了解，工作主动积极，能承受一定工作压力； 
具备良好的沟通技巧能力、服务能力，逻辑判断及行业洞察力和口笔表达交流的技巧； 
出色的逻辑思维及数据分析能力，工作认真细致严谨，责任心强；
具有较强的团队合作精神、良好的沟通技巧，能与不同职能的人接触并深入沟通；
英文听说读写熟练；"
CSIG17-测试开发高级工程师,北京,"支撑腾讯英语君业务相关质量保障工作，助力腾讯英语君对外输出腾讯在AI领域特别是教辅类能力的各项领先技术，具体工作内容如下： 1、负责腾讯英语君的质量保障，在项目团队践行Devops，持续集成及google EP文化，推动研发模式的升级，从原有的测试发现缺陷到构建内建质量体系避免缺陷进入研发流程中以提升整体研发效率 2、推动质量保障过程中高效的自动化建设，优秀行业工具的应用导入 
3、担任测试架构师角色，推动产品代码可测性建设及产品架构可测试性拆解，应用并落地分层测试相关技术 
4、负责ToB业务中产品线质量，推动AI能力及平台质量达到客户要求。
5、助力教辅类AI能力持续保持行业领先","1、对敏捷开发，Devops及持续集成有较深理解，并有相关实践推动经验者优先 
2、有扎实的测试基础，能独立负责一个产品线的测试工作 
3、计算机或软件相关专业，本科及以上学历，具备扎实的计算机和软件技术基础； 
4、至少三年以上软件测试开发经验，熟悉自动化测试，单元测试相关技术，有后台相关测试经验者优先
5、熟练掌握和运用C++/Java/Objective-C等任何一门主流编程语言，熟悉至少一门脚本开发语言（如python等），有实际实践经验和理解的积累者优先考虑； 
6、有良好的学习能力和技术钻研能力，具有自我持续优化的驱动力，具有发现问题的灵敏嗅觉，具备针对复杂问题的分析和解决的能力"
26832-高级招聘专员(成都),成都,"主要负责高质量简历搜索工作；
负责研究目标行业发展及人才特征；
利用各种工具及渠道，寻找优秀的人才；
人才库的运营及其他平台型产品建设工作。","重点高校本科以上学历，至少3年以上主动猎聘或猎头相关工作经验；
意愿从事人力资源招聘工作，学习能力好；
掌握主动猎聘的方法，并有成功的应用经验；
抗压能力强，有团队合作意识

该岗位为正式员工HC，签约主体是腾讯全资子公司。"
26832-高级招聘专员,深圳,"主要负责高质量简历搜索工作；
负责研究目标行业发展及人才特征；
利用各种工具及渠道，寻找优秀的人才；
人才库的运营及其他平台型产品建设工作。","本科以上学历，至少3年以上主动猎聘或猎头相关工作经验；
意愿从事人力资源招聘工作，学习能力好；
掌握主动猎聘的方法，并有成功的应用经验；
抗压能力强，有团队合作意识。

该岗位为正式员工HC，签约主体是腾讯全资子公司"
29316-HRBP（北京）,北京,"负责部门的HR政策、制度、体系与重点项目的落地与推动执行；
深入了解所负责领域业务与人员发展状况，评估并明确组织与人才发展对HR的需求；
驱动平台资源提供HR解决方案，并整合内部资源推动执行；
提升管理干部的人力资源管理能力，关注关键人才融入与培养，确保持续的沟通与反馈；
协助管理层进行人才管理、团队发展、组织氛围建设等，确保公司文化在所属业务领域的落地。","本科及以上学历；
5年以上人力资源专业经验，扎实的专业功底，良好的业务理解力；
优秀的个人综合素质，有较强的事业心与成就动机；
人际理解力、沟通协调和主动推动能力强，善于整合资源驱动目标达成，出色的多任务、多角色平衡能力。"
9615-CDG部门秘书（深圳）,深圳总部,"上级支持工作，负责领导日程安排、差旅预订、费用报销等工作，并协助上级做好部门管理及团队融合；
担任部门内各项职能类工作接口人，协助制定并实施内部流程制度，定期优化更新；
及时传达公司下发的相关规定，并协助执行；
组织活动和协助文化落地，活跃BG及部门组织氛围。","大学本科及以上学历，2年秘书相关工作经验，商务英语运用能力良好，至少通过CET4；
执行力强，具备较好的时间管理意识，做事清晰有条理；
熟练运用各种日常办公软件及办公设备，能独立组织中小型团队活动并有创新意识；
具备优秀的服务意识、高度责任感及团队合作精神，能够与上级、员工保持良好的工作关系，进行有效的沟通；
热情开朗，有良好的情绪管理能力，为人正直，亲和力好，形象气质佳。"
9615-CDG部门秘书（深圳）,深圳总部,"上级支持工作，负责领导日程安排、差旅预订、费用报销等工作，并协助上级做好部门管理及团队融合；
担任部门内各项职能类工作接口人，协助制定并实施内部流程制度，定期优化更新；
及时传达公司下发的相关规定，并协助执行；
组织活动和协助文化落地，活跃BG及部门组织氛围。","大学本科及以上学历，2年秘书相关工作经验，商务英语运用能力良好，至少通过CET4；
执行力强，具备较好的时间管理意识，做事清晰有条理；
熟练运用各种日常办公软件及办公设备，能独立组织中小型团队活动并有创新意识；
具备优秀的服务意识、高度责任感及团队合作精神，能够与上级、员工保持良好的工作关系，进行有效的沟通；
热情开朗，有良好的情绪管理能力，为人正直，亲和力好，形象气质佳。"
WXG02-115 微信运营平台web前端工程师（广州）,广州,团队负责微信产品运营业务相关项目的Web前端开发，包括移动办公平台、监控告警平台、自动化平台等系统，涵盖微信基础、公众平台、微信支付等业务。,"本科及以上学历，计算机相关专业；
精通HTML/CSS/JavaScript等前端开发语言，以及了解AJAX/HTML5/SPA等各种前端技术；
有一定的算法能力，能善于在实际中运用算法解决一些性能问题；
至少熟悉React/Angular/Vue等其中一种主流的前端框架，并了解底层原理；
至少熟悉一种后台语言，以及有一定的后台编程经验；
良好的学习能力、沟通能力、团队协作能力、及分析问题解决问题能力，责任心强。"
WXG08-122 微信推荐算法工程师,深圳,负责微信推荐系统的建设和优化；包括特征工程、排序算法、跨领域推荐算法等研究和应用。,"计算机相关专业硕士及以上学历，一年以上的互联网工作经验；
熟练掌握c++, python等编程语言，熟练使用linux环境； 
熟悉常见的机器学习、数据挖掘算法，有一定的深度学习经验； 
参与过推荐系统、广告系统等线上系统者优先； 
有排序学习、跨领域建模、迁移学习等经验的优先；
责任心强，积极主动，勇于接受挑战，具有良好的团队合作和沟通能力。"
31504-服务产品中心高级工程师（小程序、web或PHP方向）,深圳总部,"1、负责腾讯云客户服务的流程、数据、工具平台或智能化应用的方案设计和系统开发；
2、主导或参与平台的架构、性能和体验优化
3、参与业务流程的持续改造","1、计算机及计算机相关专业本科以上学历
2、3年以上Unix/Linux操作系统下PHP开发经验
3、有强烈的上进心和求知欲，善于学习新事物
4、有云计算、ITIL/ITSM或精益背景者优先 
5、思路清晰，具有较好的分析问题和解决问题的能力 
6、有团队合作意识，能主动承担，乐于分享  通过腾讯云技术认证或同等资格认证的优先录取。"
31504-腾讯云监控大数据开发工程师,深圳,"1、负责大数据集群的日常运维工作,保证其高可用和稳定性；
2、负责集群优化建设工作，提升运营效率，降低运营成本；
3、深入探索新的大数据运维技术及发展方向；
4、建设和优化大规模分布式集群的运维、监控工具和管理平台；","1、大学本科及以上学历，具有良好的学习能力、沟通能力、团队合作能力及适应能力；
2、深入掌握计算机原理,操作系统,计算机网络等基础理论；
3、熟悉spark、storm、hadoop 等其中一种大数据处理框架，了解druid、elasticsearch等其中一种时序数据库；
4、精通shell编程,掌握c/c++/go/php/python任一种编程语言；
5、具备云计算平台的开发，海量运维经验者优先；  通过腾讯云技术认证或同等资格认证的优先录取。"
PCG22-创新项目推荐算法工程师（深圳）,深圳,"负责创新项目相关内容产品的个性化推荐算法、多模态搜索算法研究和业务落地；
跟进前沿算法在推荐系统的创新应用，包括但不限于用户表示学习、排序模型、多目标网络设计、强化学习RL在推荐系统中应用等方向。","具备创新思维和创业精神，对技术有激情；
精通机器学习，深度学习等基础算法理论，具备推荐系统实践经验，良好的工程实现能力；
精通TensorFlow/Caffe/Pytorch/MXNet等至少其中一种深度学习框架，对深度学习模型有深刻理解，并有相关实践经验；
具有良好的工程实现能力，熟悉linux开发环境，熟练掌握C/C++、Java、python等至少一种编程语言；
有优秀的逻辑思维能力和数据分析能力，善于分析和解决问题；良好的沟通能力与团队协作能力；
大规模机器学习研究或分布式计算经验优先；
有自然语言处理、社交网络图挖掘、大数据挖掘、强化学习、计算机视觉、多模态内容理解等方向经验者优先。"
PCG22-创新项目自然语言处理研究员（深圳）,深圳,"负责创新项目相关内容产品图文内容理解和生产等，包括但不限于：文章分类和Tag抽取、质量分级、自动纠错、自动摘要、知识图谱、情感分析、自动撰稿等；
跟踪业界最新研究成果，根据实际应用效果不断改进模型或算法，以及将前沿NLP技术/成果应用于内容推荐系统及其他文本相关场景中","具备创新思维和创业精神，对技术有激情；
熟练掌握nlp基础理论和算法，在一个或多个领域（如文本分类、语义理解、知识图谱构建、篇章理解、情感分析、自然语言生成等）能够独立开展研发工作；
精通TensorFlow/Pytorch/MXNet等至少其中一种深度学习框架，对深度学习模型有深刻理解，并有相关实践经验；
具有良好的工程实现能力，熟悉linux开发环境，熟练掌握C/C++、Java、python等至少一种编程语言
有优秀的逻辑思维能力和数据分析能力，善于分析和解决问题；良好的沟通能力与团队协作能力；
有推荐系统、社交网络图挖掘、大数据挖掘、强化学习、计算机视觉、多模态内容理解等方向经验者优先"
"TEG11-Strategy Manager(AI, Cloud, IoT & New Technologies)-MBA (Full-time)",深圳,"• Analyze new business models or innovative technology products and technologies to identify new growth areas and potential opportunities in AI, Robotics, IoT, 5G, Cloud, Security, other related fields
• Monitor competitive activities, and develop a deep understanding of consumers'needs, attitudes, as well as B2B industry solutions
• Provide strategic analyses and recommendations over a broad range of management issues at corporate and business unit level
• Facilitate execution of key initiatives across business units and functions
• Develop external partnerships with industry or other technology companies globally to help accelerate product innovations and progress new technologies","• Excellent academic record and MBA degree from a top school; science and engineering background preferred
• High level of integrity, dedication and motivation
• Passion for the Internet and technology industry
• Strong problem solving skills and acute business sense that enable sound business judgment
• Strong leadership potential and willingness to work in a “start-up” like environment
• Effective communication and interpersonal skills
• Good understanding of Chinese culture
• Fluent in English and Mandarin"
22989-互联网监管政策和合规政策研究高级经理（北京）,北京,"1.根据国内云计算政策法规，分析腾讯云相关产品的合规风险，提出规避和解决方案并推动落地；
2.负责腾讯云资质认证的需求收集、项目进度管理和资源协调，制定项目计划，确保项目团队各干系人协同工作，达到项目目标；
3.与政府监管部门对接监管需求，组织协调腾讯云内部资源，制定研发计划并推动需求落地；
4.熟悉海外云计算合规政策，根据政策分析腾讯云产品的海外合规风险，提出解决方案并推动落地。","1.熟悉国内云计算相关监管政策；
2.本科及以上学历，计算机、通信或相关专业优先；
3.至少5年以上项目管理经验，有一次以上成功的资质认证类项目经验；
4.善于发现并跟踪解决项目过程中的问题，有效控制项目风险；
5.较强的问题分析能力、文档撰写能力及各类报告处理能力，善于平衡监管需求与业务需求；
6.具有良好的执行力和责任心，能推动项目团队朝目标前进；
7.具有丰富的与人沟通、交流和组织能力，出色的团队合作精神；
8.应变能力突出，善于学习和总结，根据项目不同阶段及时调整方法；
9.熟练地英语交流和写作能力。
10.该岗位base地可选深圳或北京，若选择base北京首年需在深圳工作。  通过腾讯云技术认证或同等资格认证的优先录取。"
22989-互联网监管政策和合规政策研究高级经理（深圳）,深圳,"1.根据国内云计算政策法规，分析腾讯云相关产品的合规风险，提出规避和解决方案并推动落地；
2.负责腾讯云资质认证的需求收集、项目进度管理和资源协调，制定项目计划，确保项目团队各干系人协同工作，达到项目目标；
3.与政府监管部门对接监管需求，组织协调腾讯云内部资源，制定研发计划并推动需求落地；
4.熟悉海外云计算合规政策，根据政策分析腾讯云产品的海外合规风险，提出解决方案并推动落地。","1.熟悉国内云计算相关监管政策；
2.本科及以上学历，计算机、通信或相关专业优先；
3.至少5年以上项目管理经验，有一次以上成功的资质认证类项目经验；
4.善于发现并跟踪解决项目过程中的问题，有效控制项目风险；
5.较强的问题分析能力、文档撰写能力及各类报告处理能力，善于平衡监管需求与业务需求；
6.具有良好的执行力和责任心，能推动项目团队朝目标前进；
7.具有丰富的与人沟通、交流和组织能力，出色的团队合作精神；
8.应变能力突出，善于学习和总结，根据项目不同阶段及时调整方法；
9.熟练地英语交流和写作能力。
10.该岗位base地可选深圳或北京，若选择base北京首年需在深圳工作。  通过腾讯云技术认证或同等资格认证的优先录取。"
27192-互娱市场与用户研究经理,深圳总部,"-负责光子国内或海外的市场与用户研究工作，如竞技、射击品类、RPG品类等业务；
-光子工作室重点产品的市场与用户研究工作，包括独立完成各个用研项目的需求分析、方案设计，管理研究供应商执行项目，并输出具有较强落地性的专业研究报告；
-单个用研项目外，能把握业务中的关键问题，为单个业务制定短中期的用研规划","2年以上市场与用户研究经验，熟悉各种研究方法，能独立负责研究项目；
包括但不限于心理学、社会学、市场营销、经济学、国贸等相关专业本科及以上学历；
学习能力强，能适应互联网行业快速敏捷的工作节奏；
语言能力：若负责海外业务，需要有英语的听说写能力，如良好的英文读写能力，能够在全英文环境下工作交流，能阅读专业论文；
熟练使用办公软件包括Excel，了解并掌握SPSS、SAS、Tableau等统计软件；
具备良好的沟通能力和推动力，富有团队精神，具有良好自我管理能力和执行力；
性格开朗，思维活跃，敢于创新，能接受挑战，具备多线程工作能力；
游戏从业者或有游戏经验者优先。"
27192-互娱高级市场与用户研究经理,深圳,"-负责自研工作室国内和海外的市场与用户研究工作，如竞技、射击品类、RPG品类等业务；
-承担工作室重点产品的市场与用户研究工作，包括独立完成各个用研项目的需求分析、方案设计，管理研究供应商执行项目，并输出具有较强落地性的专业研究报告，能够较好承担向工作室高层汇报工作；
-为单个业务制定短中长期的用研规划，准确把握产品关键问题，通过不同渠道进行推动落地；
-在单产品研究外，承担部分产品共性研究需求，包括但不限于流程、玩法、品类、人群等；","4年以上市场与用户研究经验，熟悉各种研究方法，能独立负责研究项目；
包括但不限于心理学、社会学、市场营销、经济学、国贸等相关专业本科及以上学历；
学习能力强，能适应互联网行业快速敏捷的工作节奏；
语言能力：若负责海外业务，需要有英语的听说写能力，如良好的英文读写能力，能够在全英文环境下工作交流，能阅读专业论文；
有培养新人，或团队管理协作经验者优先；
熟练使用办公软件包括Excel，了解并掌握SPSS、SAS、Tableau等统计软件；
具备良好的沟通能力和推动力，富有团队精神，具有良好自我管理能力和执行力；
性格开朗，思维活跃，敢于创新，能接受挑战，具备多线程工作能力；
游戏从业者或有游戏经验者优先。"
33933-游戏内容数据挖掘工程师,深圳,"1、负责信息流游戏内容相关数据分析、挖掘，以用于游戏内容运营、推荐等场景。
2、应用机器学习、数据挖掘等相关技术对游戏内容标签、用户画像等进行建模;
3、通过用户行为数据建模、分析用户特征等，为业务决策提供参考","1、3年以上数据挖掘相关工作经验，机器学习、数据挖掘相关方向本科以上学历;
2、对机器学习、数据挖掘算法及其在互联网行业的应用，有比较深入的认识和理解；
3、熟悉Linux开发环境，有扎实良好的编程基础，精通C/C++/python/java中至少一种编程语言；
4、拥有突出的数据分析和归纳能力， 具备出色的需求分析和快速学习能力，能在复杂业务场景中发现和解决问题的能力；
5、熟悉决策树、朴树贝叶斯分类、SVM等常见数据挖掘算法
6、熟悉Hadoop/Spark/Hive等相关大数据处理技术。
7. 良好的逻辑思维能力、沟通能力、团队意识，有自我驱动意识，细心，有责任感，使命感；"
CSIG16-腾讯地图底图后台开发,北京,"1.负责腾讯地图底图后台服务的开发与维护工作
2.负责底图数据的处理、编译
3.负责底图数据生产提效工具的开发与维护","1. 良好的c/c++编程基础，熟练掌握常用的数据结构与算法
2. 有比较大型的后台服务器端开发与维护经验，掌握多线程，缓存，分布式等开发技能
3. 有一定web后台开发经验，掌握基本的前端js开发更好
4. 有大数据开发与分析经验者优先
5. 有数据处理策略算法开发经验者优先
5. 有地图相关行业开发经验者优先"
WXG08-微信搜一搜内容与服务生态产品经理（广州）,广州,"负责微信搜索搜一搜垂直内容与服务生态的产品设计，理解用户与客户的核心需求，构建直面客户服务的用户产品。
建设数字化监控/决策辅助/自动执行为一体的服务运营体系和服务工作平台（CRM/知识库/质检等产品），为客户提供更好的解决方案，能够极大解放服务及运营人员的生产力。","三年以上相关行业经验，有强烈的自驱力和责任感，对互联网行业有强烈的兴趣和热情。
对服务型垂直行业有深刻了解和认知，懂得垂直行业的行业特性和用户痛点。"
17467-QQ浏览器营销增长经理（深圳）,深圳,"负责品牌整体的营销增长工作。参与制定营销策略打法，同时跟进重点营销活动的上线效果，从增长维度快速推进活动的迭代和效率提升；
独立负责一个核心业务的营销推广工作，拉动用户增长；
推动营销增长模式的创新和尝试，基于行业案例及项目实验效果复盘，迭代并输出营销增长方法论","3年以上互联网产品运营、市场营销工作经验；
有用户增长、营销增长等相关经历，并有成功案例者优先；
能准确捕捉大众情绪点、挖掘用户需求，同时深刻理解互联网媒介及渠道，结合业务重点策划有传播力的市场活动，并有效落地执行；
对数据高度敏感，有很强的策略思考力，具备优秀的模式创新和迭代优化能力；
有良好的沟通能力和团队合作精神，善于驱动跨部门配合协同取得业绩；
具有创新精神。有很强的自驱力和责任心，学习能力强，有良好的抗压能力。"
TME-QQ音乐高级品牌经理（深圳）,深圳,"1、根据业务需求，共同制定QQ音乐的品牌策略和营销策略；
2、根据业务需求和全年品牌策略，自主策划和执行品牌活动、产品营销事件及热点活动，达到提升品牌影响力同时拉动活跃的效果；
3、熟悉年轻人市场，针对年轻人市场能针对性的进行策划。","1、学历：本科及以上；
2、具有7-10年品牌管理、市场营销、广告策划或相关工作经验，具备清晰的市场营销逻辑和出色的资源整合能力，品牌意识强，主负责过品牌的策略和管理；
3、热爱音乐，熟悉音乐娱乐行业，有相关行业市场营销经验、品牌策划经验的优先；
4、思维活跃，善于快速学习，具有创新精神和良好的表达能力；
5、对传播和年轻人市场有一定的研究或尝试，熟悉年轻人的阵地和热点。"
15614-客户端高级工程师（上海）,上海,"负责游戏客户端设计开发；
开发关卡编辑器等游戏开发工具。
同后台程序员合作，负责使用C++、Lua、Flash开发游戏的逻辑；
同策划合作，在玩法、游戏系统、UI方面实现策划需求；
优化游戏性能；","计算机相关专业本科以上学历；
3年以上游戏开发经验；
优秀的数学功底；
良好的C++编程功底，良好的数据结构、算法功底；
能坚持编写高质量、高效率代码；
沟通良好，具备良好的团队开发意识。"
24987-3D美术关卡,上海,"搭建3D场景美术关卡；
配合关卡策划进行布局调整，和各种关卡性能优化；
配合主美进行关卡美术上的修改工作；","3年以上关卡美术经验；
有较好的造景和景观设计能力；
有Unreal和Unity经验者优先考虑。"
32032-Senior Game Operation Manager（上海）,上海,"Lead the oversea community team and responsible for the overall NEXT Studios' oversea community establish and management;
Work closely with Devs team to make sure the games in NEXT is easy for western players to understand and enjoyed; 
Assistant the producer and Publish manager to make the whole oversea operation and marketing plan for NEXT Studios' games;
Help with the management of NEXT Studios' core players, KOLs and Media partners as well.","More than 5 years experience in gaming industry;
Experienced in game community management and Marketing;
Have publishing experience for at least one game since its early development to full launch, including abilities in early operation, community management and publishing to overseas market; 
A team player with excellent communication skills and execution;
Result driven mind and can work with multiple teams with different backgrounds;
Have game developing experience is a plus."
15573-MMORPG手游引擎开发高级工程师（上海）,上海,"负责游戏引擎，移动终端关键技术攻关工作；
负责引擎功能效果开发、性能优化、兼容性问题等相关开发工作；
引擎需求的技术可行性评估, 程序框架及技术方案的设计和具体实现；
协助美术和策划建立高效的游戏内容制作流程, 完善并持续优化工具链。","本科及以上学历，5年以上游戏客户端研发经验；
至少参与过一款3D游戏项目, 对游戏研发技术领域有系统的了解和关注；
系统全面了解软件相关知识结构(操作系统、软件工程、设计模式、数据结构), 精通C/C++、Java、C#其中的至少一种编程语言；
具备良好的分析解决问题能力, 责任心强, 有较高的自我管理和任务跟进推动能力；
在框架设计、渲染、动画, 物理、AI等其中某一技术领域有丰富的经验；
有Unity3d, UnrealEngine, CryEngine等商业引擎实践经验, 并了解其核心技术实现原理；
有UnrealEngien相关开发经验者优先；
出色的学习和技术研究应用的能力, 良好的团队协作能力, 善于沟通, 敬业专注；"
TEG14-客户端开发工程师,深圳,"负责腾讯云支付windows桌面产品的需求开发、功能维护、性能优化等相关的开发工作；
负责腾讯云支付android平台产品的需求开发、功能维护、性能优化等相关的开发工作；","有三年以上windows开发经验；有两年以上android平台开发经验；
数据结构、多线程、网络编程等基本功扎实；熟悉掌握c++/c#/java语言；
有使用WPF/QT进行应用程序开发经验；熟悉Visual Studio/Qt Creator开发工具；
掌握Android平台移动端应用开发并有成熟产品开发经验；
具有支付行业客户端产品开发经验者优先；"
21482-王者荣耀职业联赛高级宣发经理,深圳,"1. 负责王者荣耀职业电竞赛事的宣发工作，包括但不限于制定赛事的整体宣发策略及内容话题运营计划，从焦点赛事的主题设定到衍生内容的分发落地等，保证赛事前中后期的内容期待和讨论贯穿；
2. 负责赛事宣发体系的建设，包括但不限于优化生态产出机制、社区分发策略制定、资源优先级策略等等，沟通各相关模块团队，使赛事内容产出质量提升、宣发资源利用率提升；
3. 负责全赛期的话题及重点规划，协同赛事直播制作、赛事社区、KOL、媒体生态，根据赛前赛中赛后时间，落实对应话题分拆产出，提升赛事话题性及社区讨论度；
4. 需敏锐捕捉赛事热点，洞察用户及社区话题，及时整合团队资源，助推热点发酵，提升赛事热度。","1. 有电竞/游戏/文化内容等行业的从业经验优先，例如游戏/电竞运营推广、体育赛事/影视剧及综艺节目宣发等
2. 具有较强的创意及策划应变能力，能把握快速变化的内容热点
3. 优秀的用户洞察力、分析判断能力、逻辑表达能力
4. 沟通能力强，善于完成多部门协作工作内容
5. 对赛事及游戏有较深理解者优先"
22850-腾讯视频VIP产品经理（深圳）,深圳,"1、负责腾讯视频VIP产品策划和运营，包括平台基础体验提升、会员特权建设等；
2、负责腾讯视频粉丝经济变现和道具打赏能力的搭建，制定付费相关策略并推进落地。","1、 统招本科以上学历，2年以上互联网产品工作经验，有泛娱乐行业、内容付费、粉丝经济领域经验者优先；
2、 乐于学习和接受新挑战，逻辑思维能力和数据意识强；
3、 有责任心，具备一定的抗压能力，擅长团队合作；
4、 熟练掌握axure、ps、ppt、excel等软件。"
S2-FIT财务管理（深圳）,深圳,负责为腾讯支付基础平台及金融应用线业务部门提供财务支撑，协助经营业绩分析、商业模式及业务流程梳理，管控方案制度及落地推动等。,本科及以上学历，金融类、财务类，管理类专业毕业；5年以上财务分析、资源管理或预算管理相关工作经验，有金融机构工作经验者优先；具有优秀的沟通协调能力、责任心和团队合作精神；具有良好的数据分析能力和流程梳理能力；具备良好的计算机应用基础，包括精通Excel、Powerpoint；工作细致，抗压能力和责任感强，良好的沟通能力和团队合作精神。
30628-腾讯广告检索系统后台开发高级工程师（研发中心-深圳）,深圳,负责广告检索系统的建设，包括广告数据发布、分布式索引构建、近邻检索、高性能广告检索能力建设、统一在线质量数据流通道建设、商业内容推荐检索系统,"1、本科及以上学历,计算机相关专业；
2、熟悉C++，工作负责、有耐心，能合理的设计和开发独立模块，具备一定的产品思维,熟悉互联网广告变现模式；
3、具备广告后台系统或搜索系统开发经验优先。"
19407-天刀手游运营PM,上海,"1、负责天刀手游的整体运营和发行，对产品新进、收入KPI负责；
2、根据项目运营节点，策划拉新、留存、回流运营方案，并根据产品线上反馈及数据提炼进行运营方案调整，制定游戏内功能及运营活动，并对活动进行数据分析和效果评估； 
3、熟悉产品商业化运作，能够根据项目运营节奏、运营数据及不同阶段的版本内容，规划及跟进新版本商业化内容，并根据商业化内容推动游戏其他方面的运作；并能及时评估和调优游戏内商业化结构，道具定价，付费模块等。","1、本科及以上学历，5年及以上游戏行业工作经验，熟悉游戏生命周期各阶段运营工作，具有优秀的团队沟通和执行能力。
2、热爱游戏，对手游有浓厚的兴趣和深入的了解；精通excel，了解数值设计，具有优秀的细节关注力和抗压能力；
3、具备优秀的自我驱动力，工作认真、细致，责任感强；有敏锐的洞察力和快速学习的能力；具备创新能力，能接受挑战；良好的沟通协调能力和团队合作精神，心态开放； 
4、有较强的文字表达能力，熟悉游戏发行流程，能独立规划和协调各个交叉模块成员的工作；具备较强的谈判能力，能够应对跨部门、跨事业群及跨公司间的合作交流；具备一定的品牌管理或营销经验。"
19407-移动游戏运营经理,上海,"1、负责产品的整体运营和发行，针对不同品类产品，制定差异化整体运营及发行策略，并对产品新进、收入KPI负责；
2、协调各平台资源模块，并体系化解决问题，确保所负责产品能够持续稳定的获得持续的资源环境； 3、根据项目运营节点，策划拉新、留存、回流运营方案，并根据产品线上反馈及数据提炼进行运营方案调整，制定游戏内功能及运营活动，并对活动进行数据分析和效果评估； 
4、熟悉产品商业化运作，能够根据项目运营节奏、运营数据及不同阶段的版本内容，规划及跟进新版本商业化内容，并根据商业化内容推动游戏其他方面的运作；并能及时评估和调优游戏内商业化结构，道具定价，付费模块等方面。","1、本科及以上学历，5年及以上游戏行业工作经验，3年及以上游戏运营工作经验，熟悉游戏生命周期各阶段运营工作，具有优秀的团队沟通和执行能力，有MMO策划或运营经验优先。
2、热爱游戏，对移动手机游戏有浓厚的兴趣和深入的了解；精通excel，了解数值设计，具有优秀的细节关注力和抗压能力；
3、具备优秀的自我驱动力，工作认真、细致，责任感强；有敏锐的洞察力和快速学习的能力；具备创新能力，能接受挑战；良好的沟通协调能力和团队合作精神，心态开放； 
4、有较强的文字表达能力，熟悉游戏发行流程，能独立规划和协调各个交叉模块成员的工作；具备较强的谈判能力，能够应对跨部门、跨事业群及跨公司间的合作交流；具备一定的品牌管理或品牌传播经验。"
15618-3d动画设计师,上海,"负责角色动作制作；
把握角色动作的节奏、速度层次、打击力度；
动作设计流畅、合理、生动，赋予角色和物体生命力；
与策划、程序沟通动作效果及实现方式，并协助资源入库。","精通3D MAX、maya等相关设计软件；
3年以上动作设计经验，有Ureal 4项目经验更佳；
有较强的综合能力，准确理解工作需求并高效完成；
对人体、四组动物、异型生物的肢体结构有一定研究；
有责任心、善于沟通、乐于合作。"
15618-服务器后台开发工程师（上海）,上海,"使用C/C++和lua语言，负责雪鹰领主服务器功能的开发；
负责雪鹰领主线上问题的的定位与解决；
负责新项目服务器系统功能的预研。","计算机相关专业，本科及以上学历；
有两年或以上游戏服务器开发经验，了解mmog任务，技能，副本系统运作方式；
熟练使用C/C++语言，熟悉操作系统基础，网络编程，tcp/ip运作原理；
熟悉关系数据库，内存数据库常用操作；
有Lua等脚本语言经验更佳。"
19407-手游内容运营,上海,"1、根据游戏版本进度，配合输出版本内容，满足产品预热的需求； 
2、根据版本的多样性，输出样本式的玩法并给玩家指引； 
3、负责官方多个渠道的游戏内容管理和输出，把握整体风格； 
4、负责线上用户的关系维护和管理，为用户输出的内容负责； 
5、能够根据不同的用户层次输出不同品质的内容。","1、大学本科及以上学历；
2、优秀的文案撰写能力；
3、两年以上工作经验，具备不错的文字表达能力；
4、对新鲜事务敏感，能捕捉到玩家不错的创意点； 
5、沟通能力强，能与玩家打成一片，并且独立制作并输出作品； 
6、有一定的推广和数据监控能力，能独立采集和分析数据。"
19407-手游版本管理,上海,负责手游产品的各阶段版本管理工作，跟进版本进度，保证版本稳定性； 跟进手游产品平台接入，版本测试、版本部署、版本发布等版本流程各环节工作； 负责日常外网问题处理，推动版本质量及内容优化； 负责游戏环境、游戏生态和舆情监控等工作。,本科及以上学历，喜欢玩游戏，有较强的逻辑思维能力； 有2年以上网络游戏工作经验，1年以上版本模块工作经验，熟悉游戏开发或运营流程，能独立规划和协调平台各个模块成员的开发工作； 积极主动，善于沟通及表达，能承担较强工作压力； 有较强的推动和沟通协调能力，团队合作意识强； 认真踏实，自驱和责任心强。
19407-移动游戏数据分析,上海,对游戏数据相关工作负责，通过数据分析和数据挖掘，找出游戏的问题，调优建议和方向。包括但不限于： （1）监控日常游戏数据，定期输出相关结论和报告。 （2）针对游戏的数据走势，异常波动等情况，定期做出专项数据分析报告。 （3）针对新玩法/新功能/新活动的效果，进行数据分析，输出报告。 （4）定期维护数据平台的游戏数据，发现和跟进问题。 （5）一些临时性的数据需求。,（1）热爱游戏行业，游戏体验丰富。对MMORPG品类有较多的了解。 对主流游戏的核心玩法、数值设计、经济系统、社交系统等，都有一定的了解。 （3）有成熟的数据分析和数据挖掘经验。 熟练掌握和使用excel。 至少熟练掌握一种查询工具（SQL、hive）。 至少数量掌握一种分析工具（SPSS、R语言、SAS等）。 （4）有较好的报告撰写能力。 （5） 2年以上工作经验。 （6）工作细致，耐心，有强烈的责任感。积极主动。
16265-高级引擎图形程序员（上海）,上海,"对于图形学，渲染管线，游戏实时图形方面有良好的积累
有3年以上游戏图形方面开发经验
加分：
了解GPU硬件pipeline，以及相关优化策略
有高质量游戏图形方面的开发经验
熟悉前沿图形进展，对于高质量引擎的图形算法有良好了解","对于图形学，渲染管线，游戏实时图形方面有良好的积累；
有3年以上游戏图形方面开发经验；
加分项：
了解GPU硬件pipeline，以及相关优化策略；
有高质量游戏图形方面的开发经验；
熟悉前沿图形进展，对于高质量引擎的图形算法有良好了解。
3+ years of graphics programming experience in games.
Knowledge in Mathematics and 3D rendering algorithms.
Passion for creating and playing AAA games.
Must be responsible, proactive."
19407-移动游戏平台合作,上海,"1. 负责移动游戏平台对接与运营，基于项目运营需求，达成新进KPI并落实和跟进执行； 
2.与手Q、微信、应用宝、外发等渠道对接，设计各自平台的活动内容；跟进活动效果，对活动形式进行持续优化；  
3.能根据项目特色与内部更多平台进行合作构思活动并跟进执行，对活动效果进行分析，并能利用平台资源优化提升活动效果； 
4.关注用户需求细节，运用一定的用户研究方法对用户需求进行提炼;运用数据分析工具对活动效果进行监控与分析；
 5.根据游戏特性和平台用户属性，负责平台上游戏社区的搭建，根据游戏所处的生命周期，制定针对性内容策略。","1.本科及以上学历，2年以上平台活动合作经验；
2.具有优秀的沟通能力和沟通技巧，能灵活面对各项合作事务和多线程的沟通工作；
3.具备较强的活动策划、文案能力；较强的逻辑思维能力和写总结沉淀能力；
4.工作态度认真负责，具有良好的学习能力，抗压能力强，团队合作意识强。"
16265-客户端引擎开发工程师（上海）,上海,"负责工作室群中引擎端技术建设。
*包括基础模块实现（物理，动画，音频，工具等等）
*性能优化
*流水线建设","是游戏玩家；
对于游戏引擎（物理，动画或者工具等领域知识）方面有良好的积累；
有2年以上游戏客户端方面开发经验。
具备如下条件者优先考虑：
有较多的性能优化积累和实践
有高质量游戏的开发经验；
熟悉前沿技术进展进展，对于高质量引擎算法有良好了解；
数学好。"
19407-手游版本调优/商业化运营策划,上海,"1、验收版本：提供产品优化方案，并推动研发开发、验收；
2、制定版本规划：负责规划及跟进制作版本策划内容，包含玩法、养成、社交、经济系统、商业化、新手流程、可用性等各个方面；
3、洞察用户需求：能够熟练运用玩家群、自己玩游戏、调研、外团等各种手段收集并提炼用户需求，或通过版本效果分析来梳理需求；
4、发现与解决问题：能够在策划/测试/上线阶段敏锐的发现版本问题，定位背后的原因，并找到解决方案。","1、3年以上游戏策划或运营经验，有多款手游深度体验经历，对RPG游戏有较深入的研究；
2、具有优秀的逻辑思维能力，沟通能力，善于运用用户反馈、数据、用研、竞品市场等手段，基于数据提供改进方案，并且快速提升数据表现；
3、 对主流游戏的核心玩法、数值设计、经济系统、运营活动等模块有丰富经验或想法； 具有一定的创新能力和思考力，对未来品类的突破点、创新点有良好思考；
4、具有一定的数据分析能力，能通过分析商业数据，指导游戏商业设计。"
21761-测试经理（上海）,上海,"带领团队独立完成项目测试，组织团队完成项目的品质管理工作；
维持和提升测试团队与项目组各团队之间的良好沟通；
优化、提高团队的测试效率和输出质量，发现团队、项目问题予以改善；
承担外网游戏品质责任，关注项目业绩。","本科以上学历，有2年以上软件测试经验，有游戏测试经验者优先，具有快速熟悉业务流程和优化，并建立完善质量体系的能力；
有过带领团队独立完成项目测试工作，做好工作中的问题挖掘和改善，带领团队提升业务熟悉度和技术能力提升的经验；
优秀的执行力和抗压能力，热爱游戏测试，乐于主动反馈和积极思考；
熟悉至少一门开发或者脚本语言；
熟悉主流操作系统原理（windows、linux、android、ios）、网络协议等，有过前后端性能、安全、兼容，自动化等测试经验。"
25664-政府行业售前架构师（北京）,北京,"负责向政府行业（包括但不限于政务、公检法、智慧城市等方向）客户提供业务咨询、技术咨询、规划、设计等专业服务；
负责项目售前阶段的需求分析、方案交流、方案设计、概念验证、招投标等工作； 
透彻分析行业态势，结合腾讯云技术与产品优势，制订行业拓展策略与打法； 
赋能生态合作伙伴，进行方案的培训和宣讲。","本科及以上学历，有六年及以上的政府相关的信息化建设项目经验； 
熟悉政府部门的项目决策流程和运作方式，具有解决方案售前、技术架构设计等方面的丰富案例，有大型项目经历；
对云计算、大数据和人工智能等前沿技术领域有较好的理解，能够在方案中充分运用所掌握的概念和知识； 
有敏锐的商业意识和自主决策能力，能够通过与政府客户的沟通，快速发掘和响应客户需求； 
能够组织编写针对客户行业的产品和解决方案的宣传文档，有较强的文档编写和演讲能力；
可以承受高节奏的工作强度，能接受频繁的外地出差安排；
通过腾讯云技术认证或同等资格认证的优先录取。"
CSIG02-腾讯云房地产行业高级运营经理（深圳）,深圳总部,"研究房地产行业发展趋势、客户痛点，并规划解决方案和输出产品规划；
研究行业竞品及解决方案，协同团队制定产品策略并推进落实；
负责腾讯云智慧建筑、智慧酒店、智慧办公、智慧商业等行业解决方案的开发；
负责与商务及架构师配合完成项目售前相关工作；  
与市场、渠道、商务等团队紧密合作，推进合作伙伴体系建设、市场宣传等工作。","本科及以上学历，8年以上工作经验，5年以上房地产行业相关售前／交付工作经验；
对房地产行业有较为全面的理解和分析；
具备非常强的学习能力和适应能力； 
有较高的情商、沟通能力与表达能力，有较强的抗压能力和团队协作能力； 
能承受比较大的工作压力，执行力强，具备良好的职业道德与职业素养；
有园区、酒店、建筑、商超等智慧化解决方案经验者优先；
富有创业精神，能接受加班和出差。  通过腾讯云技术认证或同等资格认证的优先录取。"
25663-Tencent cloud game solution architect (overseas)（日本/韩国）,东京,"1. As the game cloud solution expert, customize cloud solutions for overseas game company, and actively promote the implementation and delivery of project;
2.Effectively transfer overseas customer’s demands and industry standards to the back-end team, and actively push the demands online.
3.Actively participate in the online or offline sermon events of game related industriesto to enhance the influence of Tencent cloud game industry.","1.	Computer related majors, more than 5 years working experience;
2.	Familiar with cloud computing technology knowledge system, understand KVM, Xen or LxC  related virtualization technology;
3.	Familiarity with the underlying system architecture of a game, Understand  the game industry ecology and business pain points and needs
4.	Good communication skills and thoughtful mind
5.	Working aggressiveness , have strong sense of responsibility, strong execution and strong teamwork ability.
6.	Proficient in local language and mandarin, fluent in listening, speaking, reading and writing.  通过腾讯云技术认证或同等资格认证的优先录取。"
S2-财报中心财务分析经理,深圳,"统筹集团分部报表编制，并进行相关的报表分析；
掌握公司主要业务发展动态，编制集团预测分部报表并及时根据最新信息进行更新；
对投资子公司报送报表进行复核，编写相关财务分析；
梳理账务处理和合并报表、分部报表的编制流程并进行持续优化；
参与公司上市披露公告，编制相关表格及对公告数据进行复核。统筹集团分部报表编制，并进行相关的报表分析。","大学本科及以上学历； 3年以上大型会计师事务所或大型上市公司、跨国公司相关工作经验；
熟悉账务处理环节和账务数据流程； 精通财务分析工作，具备较强的业务触觉，分析能力；
工作认真细致，心态开放，学习能力强，乐于承担，有强烈的责任感及抗压能力；
具备较强的沟通、协调和推动能力；
具有CPA、ACCA或同类专业资格优先；
具有良好的英语听说读写能力"
15616-高级UI设计师,上海,"负责游戏美术视觉设计工作；
有把握产品风格的能力，能够独立完成界面、图标、相关的LOGO等元素设计；
跟进设计效果最终在产品的实现，保证设计品质与实现品质一致性。","5年以上游戏UI相关经验，对不同风格的游戏均可驾驭，完整参与过至少一款游戏的视觉设计工作；
扎实的设计功底和优秀的审美能力，对用户、市场和流行趋势有自己的理解和分析能力；
了解游戏开发的完整流程和各个模块的具体职责，有团队合作精神，善于沟通，乐于分享；
态度积极，具有良好的工作协作能力和优秀的自我管理能力， 具有良好的应变能力与抗压能力；
熟练使用相关设计软件，有较强手绘能力者优先；
热爱游戏事业，注重用户体验；善于挖掘产品的独特性和创新性，追求细节和崇尚匠人精神。"
24548-综艺商业制片人,北京,"负责节目招商变现，统筹规划节目售卖库存及售卖策略； 
能根据品牌诉求与品类特点，提供植入营销方案，支持销售提案； 
全程跟进节目策划及录制，保证客户权益落实，维护客户合作满意度； 
有效沟通，面向客户、协同部门及合作团队等，解决项目进程的问题。","热爱综艺节目，具备3年以上节目制片经验以及相关平台经验，能够独立运行项目；一定程度了解客户营销需求并且具备一定的创意和提案能力； 
具备良好的客户服务意识及沟通能力，良好的逻辑思维及策划能力，项目的统筹与协调能力；抗压能力强； 
一定程度了解客户营销需求并且具备一定的创意和提案能力； 
具备良好的客户服务意识及沟通能力，良好的逻辑思维及策划能力，项目的统筹与协调能力；"
CSIG07-企业安全开发工程师（深圳）,深圳,"负责企业安全终端安全相关类产品的研发
参与产品前期交付以及和后期的技术支持
参与安全tob方向上的产品讨论与经验建议","熟练使用C\C++\python\go
熟练的Linux开发调试能力，具备架构系统的能力
具备安全产品研发经验，在终端安全，网络安全等基础安全领域有积累者优先
具备比较好的安全行业tob经验"
29314-合资公司CFO（深圳）,深圳,"1.负责腾讯云合资公司新设财务体系搭建；
2.负责腾讯云合资公司整体财务部门工作；
3.负责腾讯云合资公司财务团队管理工作；","1.岗位base深圳，需要全国各地出差；
2.会计等相关专业本科以上学历，具有CPA或相关资格者优先；
3.8年以上工作经验，曾经担任过财务经理/总监，具备较强的财务全盘管理能力，具有互联网财务管理经验者为佳；
4.工作细致，责任感强，良好的沟通能力和团队精神；
5.为人忠诚，具有高度职业道德。"
28605-114 微信支付国际化业务开发工程师（深圳）,深圳总部,"拓展微信支付在境外的业务落地，进行合规和本地化支持；
对接微信本地化钱包业务，与国际支付机构和服务商合作加快微信支付的国际化落地；","本科以上学历，计算机软件相关专业，对技术有开放的学习心态，具备良好的逻辑思维、异常风险把控能力； 
扎实的计算机相关基础知识、全面的后台软件开发知识结构、较好的数据结构运用能力、较强的算法设计和逻辑思维能力；
良好的沟通表达能力，产品意识好，思维敏捷，执行力力强，对待工作认真严谨、高度负责；

掌握以下技术能力，并且至少在以下任意两项以上达到熟练水平：
C++，Unix编程，网络编程，MySQL或NoSQL存储应用；

具备以下条件者优先考虑：
有境外支付等开发经验者优先； 
英语沟通读写能力强者优先。"
28605-113 微信支付国际化运营开发工程师（深圳）,深圳总部,"负责微信支付国际化业务功能层以及相关支撑系统，致力于提供国际化能力的商家业务运营平台；
优化业务架构，对接国际化业务和运营需求，并关注效率流程的建设。","计算机相关专业本科及以上学历；
1年以上PHP或前端开发经验，至少参加过一个较大型在线业务项目开发；
了解linux系统基本原理，熟练掌握linux环境下的性能调优和问题排查；
对技术有热情，能够承担业务架构设计与开发，对涉及相关技术领域保持学习的热情和钻研精神；
具备良好的问题定位、分析、解决能力；
英语沟通读写能力强者优先；"
28605-微信跨境支付区域运营经理,深圳,针对东南亚各主要旅游国家的商户、服务商、合作机构开展运营工作。充分了解区域业态、用户、合作渠道等信息的基础上，挖掘商户需求、场景特点，通过制定有效的运营策略和资源整合方案，提升商户的有效覆盖、活跃、交易量；制定和执行区域服务商、合作伙伴的管理发展策略，实现本地微信支付生态的良性发展。,有在支付机构或支付服务商相关工作经验，熟悉支付行业运作模式，有服务商户或渠道管理相关经验；熟悉微信平台及微信支付业务体系，了解微信支付行业解决方案和服务商体系的运作模式，了解公众号、小程序、卡券、社交广告等微信平台能力，有相关成功项目经验为佳；其他要求：英语熟练，掌握支付行业相关专业词汇。
WXG08-112 搜索推荐运营开发工程师（深圳）,深圳,"负责搜一搜相关内容运营系统及小程序开发
负责看一看相关内容运营系统及小程序开发","计算机相关专业本科及以上学历，1年以上开发工作经验；
熟悉Unix/Linux操作系统；
熟悉Unix/Linux操作系统下的C/C++/Python开发；
熟悉TCP/IP网络编程，mysql数据库开发； 
熟悉vue等至少一种前端开发框架。
有js/css 等前端开发经验者优先；
有互联网运营平台开发和架构经验者优先；"
TEG13-大数据开发工程师（深圳）,深圳总部,"负责数据产品基础数据加工、质量管理和应用跟进，包括：
1 基础数据模型建设，数据清洗
2 数据产品基础数据质量提升，设计数据质量指标运营方案，协同其他团队成员，推进数据质量运营
3 构建应用维度数据大盘","1、计算机相关专业，本科及以上学历；
2、3年以上大数据相关经验，包括数据架构，数据模型，数据标准，数据质量等实施经验；
3、理解数据模型和数据仓库，有ETL、数据仓库或数据集市等项目设计和实施经验者优先；
4、熟悉linux/UNIX shell、熟悉(python/shell)任意一种脚本语言
5、对数据敏感，较强的逻辑思维及数据分析能力
6、具备出色的需求分析能力及快速学习能力，能深入理解复杂的业务逻辑。
7、具有良好团队协作能力和沟通能力；
8、能承受较大的工作压力。"
TEG13-算法研发工程师（深圳）,深圳总部,"负责数据产品数据内容质量提升，包括：
1 产品知识库挖掘，如词扩展挖掘、知识推理等工作
2 提升产品内容数据相关性质量
3 产品功能效果质量提升，如话题、观点挖掘等","1、计算机相关专业，本科及以上学历，3年以上算法应用经验；
2、熟悉Linux开发环境，熟悉Python/Java/C++语言；
3、熟悉自然语言处理，有话题聚类，情感识别或知识图谱等NLP工程实施经验
4、熟悉机器学习，对各种典型算法都有一定了解；
5、对数据敏感，较强的逻辑思维及数据分析能力；
6、具备出色的需求分析能力及快速学习能力，能深入理解复杂的业务逻辑；
7、具有良好团队协作能力和沟通能力；
8、能承受较大的工作压力。"
25927-游戏专项测试工程师(深圳),深圳,"负责网络游戏的专项内容的测试、分析及调优，如客户端性能、服务端性能、协议和客户端安全等；
负责或参与专项技术深入研究，并产生可在业务落地的测试方法及工具。
负责推动研发团队在专项模块的持续优化，为用户提供更好的产品体验","有3年以上软件行业或者互联网行业经验；
至少熟悉以下一种语言：C/C++、Java；
熟练使用LINUX、熟悉TCP/IP、HTTP等网络编程协议；
至少熟悉一门脚本开发语言（如shell、perl、python），有实际实践经验积累者尤佳；
有白盒、服务器性能、前台性能、协议、安全等专项的部分测试实际经验；
熟悉网络游戏，有开发或测试开发经验者优先。"
25927-游戏测试经理（深圳）,深圳,"快速上手业务，并组织团队完成产品的质量体系构建和管理工作；
招聘并构建测试团队，完成团队的建设和发展，实现良好的跨团队合作；
优化、提高团队的测试效率和输出质量，主动发现问题并优化改善，做好过程和结果的积极反馈和团队的反思提升工作；
承担团队的游戏运营品质和责任，关注并提升团队业绩；
承担外网游戏品质责任，关注项目业绩。","本科以上学历，有3年以上软件测试经验，有游戏测试经验者优先，具有快速熟悉业务流程和优化，并建立完善质量体系的能力；
有过带领团队独立完成项目测试工作，做好工作中的问题挖掘和改善，带领团队提升业务熟悉度和技术能力的提升的经验；
具备团队组建、团队人才培养、团队梯队建设和团队发展的经验，能够很好的进行团队内外的沟通和团队绩效提升；
优秀的执行力和抗压能力，热爱游戏测试，乐于主动反馈和积极思考；
熟悉至少一门开发或者脚本语言，C++、C、C#、php、python优先；
熟悉主流操作系统原理（windows、linux、android）、网络协议等，有过前后端性能、安全、兼容等测试经验者优先。"
27556-开放世界MMORPG商业化/活动运营（深圳）,深圳,"负责与开发商对接，评估、调优游戏内商业化结构、道具定价、付费模块、付费性价比等工作；
负责付费化体验，提出产品优化建议和方案，推动提升游戏产品品质； 
负责分析付费化运营状况，并提交合理性建议与调整的可行性分析报告； 
负责商业化页面活动设计和配置、抽奖等相关工作； 
负责拆分项目收入指标并制定运营计划，确保项目目标的达成；
负责产品商业化数据分析相关工作。","2年及以上游戏行业运营策划方向工作经验；
富有激情，热爱游戏，MMORPG游戏体验丰富，对开放世界游戏有一定了解； 
逻辑思维严谨，具备一定的数值理解能力和设计功底，了解关于活动、商业化、等运营方面的细节；
性格开朗乐观，态度积极，执行力强，较好的沟通和协调能力，感染力强，勇于创新，有主见，能承担一定的压力； 
对策划专业能力拥有充分的认知，擅长和习惯于总结理论和方法； 
有数值游戏策划或商业化/活动运营经验优先。"
23295-互娱市场商业分析经理,深圳总部,"1.扫描国内外移动游戏市场，关注行业前沿动态，探索新市场推广模式和机会；
2.持续关注移动游戏的市场、研发、发行、运营等模块，输出分析报告，为移动游戏业务市场策略制定及决策提供专业指导，同时协助市场业务团队高效获取和使用资源，解决业务问题；
3.根据业务发展方向和策略，拟定和执行资源配置标准，把控资源使用效率；
4.协助市场业务团队梳理和落地资源使用和管理流程，解决业务问题；管理和优化流程各关键环节，为决策层和管理层提供决策支持和管理支撑；","1.大学本科及以上学历；有3年以上大型公司资源管理，懂得一定财务或营销知识的经验者优先考虑；
2.学习能力强，能快速熟悉业务，诊断问题，并实施管理优化；
3.具有较好的数据分析能力，思维逻辑性强；
4.良好的沟通，人际交往能力，为人正直，有责任心且抗压能力强；
5.出色的PPT撰写能力，精通excel函数功能；
6.喜欢游戏，对游戏行业产品有一定了解；"
27193-互娱前端开发工程师,深圳总部,"负责web前端页面开发、维护和优化工作；
负责页面相关接入层开发；
负责前端架构建设，公共组件的设计开发；
与后端工程师对接共同协作完成项目。","本科以上学历，2年以上相关工作经验；
能够熟练运用 HTML、CSS、JavaScript 构建高性能的web应用程序；
理解web标准和兼容性，对可用性相关知识有实际的了解和实践经验；
熟悉HTTP的基本工作原理以及常用Web开发调试工具；
能熟练使用主流的JavaScript框架，并精通其中的一种以上；
思路清晰，具备良好的沟通能力和团队协作精神。"
23295-互娱游戏传播经理（深圳）,深圳总部,"负责腾讯自研新品类/新游戏产品整体公关传播策略制定与执行；
负责游戏展会/行业会议开展线上活动策划，多维度统筹并主动跟进传播效果；
负责推动游戏类公关传播方法论研究与试点。","2年以上工作经验，对游戏有浓厚兴趣，对独立游戏、新品类有独特了解；
对公关传播工作有认知，熟练掌握传播项目执行相关知识与操作流程；
拥有良好的社会化传播思维以及文案写作能力，脑洞大开；
拥有大型项目管理能力，善于沟通表达与团队协作；
公关公司涉及PR等相关工作，拥有成功传播项目经验者优先。"
23295-互娱内容平台产品经理（深圳）,深圳总部,"负责腾讯游戏内容平台产品的产品运营和用户运营工作；
 
负责内容创作者的挖掘、拓展、扶持、维系等运营工作；以作者增长为目标，规划和设计产品，完成用户获取、注册流程优化、关键指标定义、用户转化漏斗优化、可视化等环节的设计并组织开发实现； 
研究和完善作者增长相关数据，找出影响作者活跃的关键因素，并借此提升作者活跃度； 
结合现有业务流程和行业特性，运营分级机制，平衡平台自身生态体系的健康运转，并探索更多的作者权益功能；
根据不同游戏、不同生命周期的用户特性，各个内容平台的特性，通过各种运营活动，满足产品在内容生产和内容分发的需求。","本科及以上学历，3年以上互联网工作经验，拥有卓越的产品感觉和用户感觉，擅长从用户角度思考问题；
有优秀的沟通表达能力、人际关系处理能力、项目管理和项目推进能力；
对数据敏感，要有一定的数据分析能力，对指标的含义和价值有足够的理解；
主动性和责任心强，具有优秀的学习能力和抗压能力；
有主流内容平台运营经验、或内容发行相关经验优先；
有游戏运营、内容运营、社交平台、开放平台、作者成长体系等产品相关经验优先。"
30934-海外品牌经理PUBGM,深圳,"负责手游产品在当地市场的整合营销工作，包括但不限于产品品牌定位、品牌VI制定、年度市场策略制定和执行计划实施、市场预算管理等工作；
 负责手游产品的市场分析、用户研究、广告创意、媒介投放、公关传播、事件营销等策划和执行工作；
 负责手游产品的合作伙伴及资源拓展，为市场工作效果负责","本科以上学历，2年以上品牌管理相关工作经验，有广告公司、互联网、海外市场营销完整经验者优先；
 熟悉品牌及市场推广运作，品牌意识强，具有出色的品牌策略能力及资源整合能力，能独立完成推广策划案及实施；
 良好的团队意识以及计划执行能力，勇于承担高强度的工作压力； 
喜爱游戏，英语流利；"
30934-海外游戏数据运营资深经理,深圳,"1、  识别提炼海外发行业务需求，思考与构建海外游戏数据分析体系和认知标准，助力业务决策；
2、  横向分析研究海内外游戏运营数据状况，推动沉淀数据资源库，建立发行体系下的共性数据驱动作战能力。
3、  驱动专项资源，推动解决海外游戏发行体系下运营数据相关的疑难杂症。","1、三年以上游戏运营数据相关工作经验，有发行体系数据能力构建或海外游戏经验者优先；
2、热爱游戏，对数据敏感度高，有横向团队统筹协作经验者优先；"
22851-腾讯视频纪录片频道内容运营编辑（北京）,北京,"1负责纪录片项目的内容运营，为不同的项目定制化整体运营方案，并产出相应的策划创意；
2需要充分了解用户心理，了解内容，并最大限度的去挖掘腾讯内部各个渠道，实现效果最大化的推广方式；
3负责沟通项目相关各方，包括但不限于节目制品方、平台相关的其他部门等，促成项目推广的达成。","1全日制统招本科及以上学历；
2热爱纪录片，判断力强，统筹能力强；
3熟悉网络视频行业，2年以上在电视台、视频网站、节目制作公司担任纪实类节目编导的工作经验优先；
4能够把握一档节目的策划运营，有一定的同类项目经验，有项目统筹能力跟良好的沟通能力；
5工作吃苦耐劳，责任心强，善于沟通，具备团队合作精神；
6具备一定的数据分析能力，有基本的图像处理技术跟视频剪辑技术优先；"
29925-腾讯视频电视剧整合营销项目经理,北京,负责电视剧（版权剧+自制剧）的整合营销方案制定、策划和执行。,"有较为丰富影视剧整合营销推广经验，有市场创新思维；
较好的项目管理能力，有大项目管理经验者优先；
学习能力强，较好的语言表达能力和沟通能力，抗压性强，具有团队合作精神；
熟悉影视剧行业，有相关经验优先"
33370-仿真模拟系统-高级Web前端交互开发工程师,北京,负责仿真系统的前端交互开发和维护；,"本科及以上学历，3年以上前端工作经验；
熟练使用HTML、CSS等技术，进行复杂页面的架构和布局；
熟练使用Javascript，掌握面向对象编程思想，具有良好的代码风格；
熟练使用Vue或React前端框架，了解其工作原理；
熟悉计算机图形学，有WEBGL/Three.js等开发经验更佳；"
33370-车联网云平台后台开发工程师（北京）,北京,"独立负责中大型项目的系统分析、设计，并主导完成详细设计和编码，确保项目的进度和质量；
主导技术难题攻关，持续提升核心系统的高处理性能；
负责团队的Code Review，确保相关代码的有效性和正确性，并通过Code Review提供相关性能以及稳定性的建议；
理解业务，识别需求，参与架构、系统、分析设计等多领域项目的相关技术的实践、应用和研发。","计算机、通信、信息相关专业本科以上学历，3年以上服务器端研发经验，有过大中型项目的核心模块架构和开发经验；
编程基本功扎实，熟悉常用数据结构和算法，擅长Java/Go编程语言，能编写高质量简洁清晰的代码；
熟悉TCP/IP、HTTP协议相关知识，熟悉Unix/Linux环境和系统编程，深入掌握服务器编程模型；
熟悉MySQL数据库及主流NoSQL数据库；
有较好的逻辑思维能力，较强的抽象、概括、总结能力；
有较好的沟通交流能力，善于主动思考和行动，乐于解决具有挑战性的问题，对待技术有强烈兴趣；
热爱技术，工作认真、严谨，具备较强的学习能力和责任心，能自我激励，善于沟通与团队协作；
有车辆网、出行经验的优先。"
33370-车联网云平台项目经理（北京）,北京,"负责出行和车联网To B项目管理工作，合理规划，并制定项目计划，负责项目实施执行全过程，对项目范围、进度、成本、交付质量负责； 
负责相关项目进度管理和资源协调，确保项目团队各干系人协同工作，达到项目目标，负责整理反馈交付和客户沟通过程中的需求，对行业客户的交付和服务流程进行持续优化，并编写项目所涉及阶段报告及项目验收报告等文档； 
与销售部门、产品部门，服务支撑部门等相关部门对接项目服务需求，评估工作量，制定服务计划并推动需求落地；
定期组织相关团队总结和梳理项目进展和问题，协调资源、推动项目顺利进行，对项目过程中的问题进行有效地跟踪和管理；
持续积累和提升交付能力，包含交付流程优化、产品与方案的可交付性提升、人员培养与储备等。","本科及以上学历，计算机、通信或相关专业优先；
5年以上工作经验，3年以上项目管理经验，有PMP证书、信息产业部系统集成项目经理证书、其他相关技术认证证书（CCNP、RHCE、MSCE、ITIL等）者优先； 
具有出行或者车辆网等车厂现场实施交付经验，有To B业务经验，对成本管理及人力管理有优秀的项目经验； 
能够独立承担项目，解决项目过程中出现的问题；
有强烈的责任心和时间观念，能够根据项目实际情况制定、推进、分解计划，善于协调各方资源，共同完成目标； 
熟知质量管理体系，具备多供应商情况下的质量管理及项目落地管理； 
具有大局观，能有效的控制项目目标的达成； 
具有丰富的与人沟通、交流和组织能力，出色的团队合作精神。"
22989-办公协同产品策划,深圳,"主要负责办公会议场景的产品策划工作；
1、竞品分析及行业分析，了解市场趋势，做出产品方向迭代规划；
2、对会议产品需求进行分析、调研、产品文档编写； 
3、协调和推动研发团队完成产品开发、上线及上线后持续数据和功能运营； 
4、与行业应用、销售团队等周边部门紧密沟通配合，共同促进产品的优化和推广，为运营和行业解决方案拓展提供支持。","1、 本科学历以上，3年以上互联网公司或IT公司的工作经验，熟悉业内会议相关产品；
2、 学习能力、执行能力强，能独立完成需求落地到上线运营的全流程；
3、有产品设计和商业化包装能力，具备产品理解力，具备较强的团队协作和沟通能力，思维活跃，学习能力、抗压能力强；
4、有会议协作相关Saas、PaaS产品类产品设计经验者优先。  通过腾讯云技术认证或同等资格认证的优先录取。"
25924-互娱游戏网站运维工程师（上海）,上海,"负责服务器的维护、优化、调试；
负责对大规模服务器的监控部署；
负责网络游戏业务的部署、新版本的发布、服务端的变更；
负责监控网络游戏业务的运行状况，及时处理游戏运行中出现的故障，保障网络游戏服务的正常提供；
负责网络游戏业务的设备预算和带宽预算的申请和滚动；
分析业务发展的趋势，并提前准备所需设备和带宽资源；
负责与游戏运营项目组的日常沟通交流，接受并处理项目组提出的运维需求。","本科以上学历，计算机类或相关专业；
5年以上互联网行业经验、6年以上的服务器维护经验；
精通Linux、Windows的系统管理，对系统性能有一定的认识；
熟悉Apache、Iptables、Nginx、Mysql、Squid、Ftp、Php的基本配置和维护；
熟悉mysql、sqlserver等数据库应用；
精通shell、perl、python至少一门脚本语言；
熟悉负载均衡、双机热备；
对服务器硬件知识有一定的了解；
有大型网站维护经验者优先；
有较强的抗压能力、沟通能力、推动能力和较好的服务意识。"
25924-运营开发工程师（上海）,上海,"负责游戏官方网站建设的各类应用的开发、运营；
负责在线活动、营销系统的开发、运营；
负责营销相关平台的开发。","本科以上学历，计算机软件或相关专业；
2年及以上开发工作经验；
熟悉PHP或者GOLang；
软件知识结构全面，基础扎实，精通常用数据结构与算法；
熟悉linux、UNIX等操作系统，了解Shell，能熟练使用Unix类系统下的PHP或GO编程；
熟悉MYSQL或其他大型数据库，能够快速根据需求完成高性能数据库设计，熟悉面向对象的开发方法，有网络系统的开发经验； 
熟悉HTML/JS等技术，具有互联网Web业务开发经验；
高度的责任心、良好的沟通技巧和团队合作精神，正直进取，有上进心，热爱开发事业。"
29302-服务采购商务岗,深圳总部,"• 负责相关产品和品类采购策略的制订及实施；
• 负责相关产品及品类的采购运作管理，包括但不限于需求理解、供应商开发及选择、供应资源有效管理、商务谈判、成本控制、交付管理、组织验收等
• 支持业务部门的采购需求；
• 收集、分析市场及行业相关信息，为采购决策提供依据。","• 认同腾讯企业文化理念，正直、进取、尽责； 
• 本科或以上学历，管理、传媒、经济或其他相关专业，市场营销及内容类产品运营工作背景者优先；
• 五年以上工作经验，对采购理念和采购过程管理具有清晰的认知和深刻的理解；拥有二年以上营销/设计采购、招标相关类管理经验；
• 熟悉采购运作及管理，具有独立管理重大采购项目的经验，具有较深厚的采购专业知识； 
• 具备良好的组织协调和沟通能力、学习能力和团队合作精神强，具有敬业精神，具备较强的分析问题和解决问题的能力； 
• 了解IP及新文创行业现状及发展，熟悉市场营销相关行业知识和行业运作特点；
• 具有良好的英语听说读写能力，英语可作为工作语言；同时有日语听说读写能力的优先；
• 具备良好的文档撰写能力。计算机操作能力强，熟练使用MS OFFICE办公软件和 ERP 等软件的熟练使用。"
25924-产品运营经理（深圳）,深圳总部,"1、与游戏运营及研发合作，进行游戏内数据精细化运营解决方案的推进与落地。
2、基于数据能力，分析解决方案的运营效果，并能独立提出优化方案，实施落地。
3、具备基础项目运营能力，熟悉相关产品技术流程，确保合作的顺利推进及技术环节的优质落地。
4、与多方合作团队保持良好关系维系。","1、本科以上学历，逻辑清晰，沟通良好者优先。
2、热爱游戏，熟悉主流网络游戏产品，并有丰富游戏体验者优先。
3、具备2年及以上互联网从业经验，熟悉游戏运营者优先。
4、具备一定的技术背景，理工科背景优先。对游戏研发或技术工作流程熟悉者优先。
5、具备数据分析能力，了解数据挖掘及大数据运营者优先。
6、认真负责，有大局观，学习能力强，具备钻研精神，抗压性强。"
25666-腾讯云华北区域销售(北京、雄安、天津、山西、河北）,北京,"负责腾讯云在华北区域（北京、华北、西北、东北）的销售工作，包括目标客户的开发与维护及跟进，达成制定的KPI指标； 
定期拜访目标客户并了解需求积极跟进，制定合理方案，负责方案提示、谈判和有效实施； 
维护跟进现有客户的商务关系，在现有基础上拓展客户业务需求。","全日制本科以上学历，通信、计算机相关技术或市场营销等相关专业； 
拥有云计算业务渠道、企业建站行业工作经验的优先考虑； 
有丰富的当地人脉资源，善于人际关系经营，具备良好的谈判和洞察力的优先考虑； 
有独立开拓、跟踪并完成项目经验和能力； 
能够适应高强度的工作压力、频繁出差，具有强烈的目标导向和销售的狼性。  通过腾讯云技术认证或同等资格认证的优先录取。"
21882-医生端运营推广高级经理(北京）,北京,"1.负责中国医师之家平台医生的运营推广，拉动医生注册并成为会员；
2.负责与各医师专科分会、各省医师分会、医疗机构联动合作，了解协会和分会需求，调研医师对服务的需求，并制定运营推广计划，拉动医生注册；
3.负责拓展行业资源，组织线上线下活动，提升医师在中国医师之家的活跃；
4.负责相关的BD工作及客情关系维护。","1.医疗行业运营或市场推广背景，工作经验5年以上；
2.在知名药企从事区域市场营销工作者优先考虑；
3.有较强的行业人脉资源，了解医生诉求、机构诉求；
4.有开拓精神，良好的沟通技巧，适应出差。"
27092-商业化数据挖掘算法工程师（深圳）,深圳,"负责提供合适的推荐算法模型；
负责研究业内领先的技术，结合腾讯各个业务平台的数据，根据应用中心和社交渠道这两个场景给出具体的实验数据，并且评估结果；
负责根据不同的算法模型，上报业务需要的统计数据，协助各种算法的实施；
研究已有算法的瓶颈，提出合理的改进措施和解决方案。","计算机、应用数学、人工智能、模式识别、统计、自控等专业的硕士或者博士优先；
2年以上相关工作经验；
熟悉Hadoop生态圈，熟练使用hive、impala、spark、flink等大数据处理计算框架；
较高的数据敏感性，有游戏、广告业务、实验系统分析经验者优先；
有数据仓库搭建、优化经验者优先；有画像体系建设优化经验者优先；
具备良好的分析解决问题能力，能独立承担任务和有系统进度把控能力；
责任心强，良好的对外沟通和团队协作能力，主动，好学；"
PCG14-腾讯态客机器人生态产品经理（深圳）,深圳,"（1）根据市场趋势和热点，策划和定义智能AI硬件产品；
（2）与设计、开发、市场等团队协作达成体验目标和产品交付及生命周期管理；
（3）负责腾讯内部和外部IP形象的机器人合作产品的策划和产品体验及交付管理；
（4）负责机器人生态应用产品策划和实施交付，包含但不限于酒店、金融、教育、服务等领域；
（5）拓展和管理机器人生态应用产品合作伙伴，深入挖掘潜在需求，形成机器人生态平台产品和创新形态解决方案框架系列；
（6）分析同行业竞品解决方案及产品，推动产品及解决方案的持续更新和优化。","（1）本科及以上学历，5年以上工作经验；
（2）智能硬件产品、生态应用合作或互联网开放平台等相关领域工作经验；
（3）对大数据、人工智能等前沿技术有深刻认识，具有较强逻辑思维能力、问题分析和创新解决能力；
（4）熟悉产品设计与开发流程，善于分析客户需求背后的本质，具备优秀的项目管理能力，能保证项目的高效执行；
（5）有很强的抗压力及自驱力和责任心，学习能力强，适应性强、具备良好的文档和PPT策划和撰写能力，良好跨部门沟通和语言表达能力；
（6）加分项： 有toB行业咨询/售前工作经验；对多领域传统行业有深刻的理解；智能家居和生活服务等相关经验；能适应频繁短期出差，具有快速切换工作场景的能力。"
27092-商务合作拓展经理（深圳）,深圳总部,"1，负责应用宝&天天快报商业化客户合作，对客户覆盖&预算锁定负责 
2，负责各行业整体合作规划，跟进及维护客户合作关系，提供内外部合作支持，保障客户合作满意度 
3，负责收集移动互联网行业市场信息，分析竞品市场动态，提供有效解决方案 
4，预判市场变化，及时制定合作政策，高效执行抓住市场机遇","1、本科及以上学历，2年以上移动互联网行业从业经验，业绩突出者优先；
2、具备较强的业务合作意识，了解移动互联网商业化合作模式，能独立开拓商务合作项目； 
3、很强的耐性、毅力及抗压能力，能在大的压力下工作学习，自我管理及驱动性强；
4、善于与客户建立良好关系，有较强的客户沟通能力、说服能力及客户谈判技巧； 
5、具备市场敏锐度和积极乐观向上的心态以及团队作战精神"
TEG02-运营质量工程师（深圳）,深圳总部,"建立移动用户网络质量的评价体系，优化手机移动用户访问数据中心的端对端网络体验；
联合运营商对移动无线端的基站、空口资源、核心网等进行调优，满足业务不同等级保障需求；
进行5G相关新技术研究和业务探索，联合业务优化5G网络中的用户体验；
制定移动网络的前瞻性资源布局，指导业务有效使用移动网络。","硕士以上学历，无线通信、卫星通信、电子技术应用相关专业毕业，3年以上移动通信/互联网/互联网相关行业工作经验； 
具有全面的无线移动通讯专业基础理论知识和专业技术知识，了解TCP/IP、OSPF、BGP、ISIS、MPLS-TE等协议，熟悉全球主流运营商有线和无线网络结构；
了解虚拟化、云计算、分布式计算、边缘计算等技术，精通网络及系统编程和开发，有项目开发经验的优先；
具备规划的视野和思路，熟悉互联网的发展，看到未来关注的重点；
具有良好的分析、研究和解决问题能力，及一定项目管理能力；
良好的团队协作能力、熟练的英语写作和阅读、沟通能力。"
ZL-商业分析经理（TEG）,深圳总部,"Develop a deep understanding of specific internet products/services in terms of consumers' needs,attitudes and use patterns and market/competitive activities;
Provide strategic analyses and recommendations over a broad range of management issues at corporate and business group level;
Facilitate execution of key initiatives across business groups and functions;
Analyze emerging business models and internet innovations to help top management identify new growth areas in cloud, IOT, 5G,etc;
As part of the corporate strategy team,develop annual corporate business plan and budget.","High level of integrity,dedication and motivation,and great passion for the Internet industry;
Strong focus on user experience and strong conviction of user value;
Strong problem solving skills and acute business sense that enable good business judgment;
A get-doer who is down to earth, hardworking and disciplined;
Effective communication and people skills;
Good understanding of China specifics; 
International exposure is a plus,MBA degree with a prestigious school is a plus for the director level and above;
Fluency in English and Chinese."
ZL-Investment & Business Analysis Manager,深圳总部,"Assist and, in some cases, lead the investment process to help Tencent gain exposure to the most compelling fintech/blockchain opportunities globally. 
Be involved in every step of the investment process, from origination/sourcing, to evaluation, proposal/presentation, negotiation, and execution.  
Liase across the company internally, especially where investment targets have synergies with or implications with regards to existing business groups.","High level of integrity, dedication and motivation
Passionate about Internet and long-term investing globally in fintech and blockchain.
Bachelor/Master degree from top schools in Computer Science major; with MBA degree a plus;
Over 4 years working experience in PE/VC, IB, consulting firm or related industry, with 1-2 years of actual experience as a software developer a strong plus.
Excellent communication and interpersonal skills.
Strong analytical skills, problem solving skills. 
Fluency in English and Chinese"
TEG02-Web前端开发工程师,深圳总部,"负责海量网络规划及自动化建设平台的web端开发工作；
负责海量网络运营支撑系统的web端开发工作
负责上述存量系统的运营支撑工作。","计算机相关专业本科及以上学历，两年以上Web相关开发工作经验；
精通Javascript语言，熟练HTML5/CSS/Ajax等web前端技术，能熟练实现良好的页面结构和布局；
熟悉一种以上主流前端框架库，如vue、angular等；
熟悉前端工程化，能够使用webpack、gulp、requireJS 等模块化、工程化工具；
追求优雅的代码风格、程序架构，有大型Web开发经验优先。"
29912-增长后台开发工程师,深圳总部,"1、负责以用户增长为导向的短视频项目产品研发； 
2、和产品、数据团队配合,深度参与短视频产品需求讨论，功能定义等，强数据驱动以推动用户增长；
3、负责高质量的技术设计和编码，设计良好的代码结构，不断迭代重构；
4、进行技术预研，将新技术落地到产品，进行技术分享；""","1、3年以上后台开发工作经验；
2、熟悉Unix/Linux操作系统，精通C++开发语言，熟悉面向对象开发方法；
3、精通TCP/IP协议相关知识，精通网络编程，精通HTTP等网络应用协议，精通多线程多进程开发；
4、熟悉MYSQL或其他大型数据库，有NoSQL数据库应用经验；
5、熟悉Shell/Python等脚本语言；具备大容量、高性能复杂系统的设计和架构能力；
6、具备推荐系统+算法模型在线预测经验者优先考虑；
7、良好的数据思维，重数据驱动，有数据分析背景优先，掌握SQL/Tableau/R/Python等尤佳；
8、熟悉增长黑客(Growth Hacking)，或对此有强烈兴趣者优先；
9、有能力经验做全栈尤佳；"""
29912-后台架构工程师,深圳,"负责微视后台推荐系统架构服务的开发、优化、维护等；
负责微视后台推荐系统逻辑。","2年以上后台开发工作经验；
熟悉Unix/Linux操作系统，精通C++开发语言，熟悉面向对象开发方法；
精通TCP/IP协议相关知识，精通网络编程，精通HTTP等网络应用协议，精通多线程多进程开发；
熟悉MYSQL或其他大型数据库，有NoSQL数据库应用经验；
熟悉Shell/Python等脚本语言；
具备大容量、高性能复杂系统的设计和架构能力；
具备推荐系统+算法模型在线预测经验者优先考虑；"
24012-影视视觉美术师（上海）,上海,"负责影视游戏中的美术设计；
负责游戏插图，海报、宣传KV、视觉创意的设计；
配合其他岗位同事完善游戏最终表现效果；
负责外包资源的跟进与修改。","3年以上影视或游戏美术行业相关工作经验；
美术功底扎实，设计能力优秀，真人及写实题材设计能力佳；
有优秀的审美能力（偏欧美审美），视野广阔，用户理解能力强； 
擅长写实类美术风格,有现代战争类美术工作经验者优先;
有成熟个人作品（影视、游戏海报、宣传视觉物料、概念视觉设计、视频创作等）；
具有良好的沟通能力与团队合作精神，责任心强；
有丰富的美术行业资源，有良好的管理和与外部供应商合作的能力。"
27092-应用宝游戏产品经理（深圳）,深圳,"1.负责腾讯移动平台游戏策略制定优化，包括但不限于分发流量策略、收入策略，与公司内部业务联动，驱动游戏分发及收入持续增长；
2.负责对应用宝游戏数据分析，结合平台及游戏产品特性，进行产品功能策划，落地开发实现、运营等事宜；
3.负责应用宝及公司内部业务平台的游戏创新玩法的探索与能力搭建，包括但不限于激励视频、游戏媒体等。","任职要求：
1年以上产品策划相关工作经验；  
扎实的数据分析经验，能够通过数据分析分析定位并解决复杂问题； 
优秀的项目协调管理能力及沟通能力，能够有效处理合作执行中出现的问题。"
25927-高级平台产品经理（深圳）,深圳,"参与平台型产品的设计工作；
负责与合作部门、用户收集产品需求，确定业务解决方案；
负责对外调研，研究商业模式、落实产品实现；
制定产品原型，编写相关的需求文档，不断优化产品，提升产品服务效率和质量、营收。","3年以上互联网商业平台工作经验；
有成功的toB商业化平台策划和运营经验；
熟悉app出海的内容和流程，熟悉手游发行模式；
有较强的沟通能力、逻辑思维和需求分析能力，以及产品设计相关工具的应用能力和解决方案制定能力；
熟悉互联网项目研发流程，理解敏捷开发，熟悉持续集成以及测试流程、发布流程等，有海外项目相关工作经验者最佳。"
18302-国际IP新手游-UE4引擎开发工程师,深圳总部,"定制开发移动端的高级渲染效果；
从引擎底层及美术资源层面出发，优化游戏运行性能及内存开销；
配合并支持内部团队，针对需求定制增改UE4引擎底层功能，及相关工具。","本科及以上学历，3年以上游戏从业经验；
3年以上C++开发经验，2年3D游戏引擎应用开发经验，熟悉UE4引擎更佳；
熟悉下列中一项或几项：图形渲染、物理引擎、AI、动画、引擎底层基础（例如内存管理等等）。
能够无障碍阅读英文文献, 能够使用英语进行简单的技术沟通."
21557-视频编解码专家（北京/深圳/美国）,北京,"1、负责H264、HEVC的编码算法深度调优；
2、跟进业界前沿编码协议（如H266/AV1等）的进展及研究。","1、熟悉视频编解码底层算法及标准，如H.264/HEVC(H.265)等；
2、有simd汇编优化，GPU加速开发经验者优先；
3、精通ffmpeg，x264，x265等开源框架，有移动硬件加速开发能力；
4、扎实的数学、数据结构基础，优秀的英文阅读能力；
5、沟通交流能力强，工作积极主动，良好的团队协作能力。"
GY0-JOOX海外音乐后台开发(深圳),深圳总部,"JOOX海外音乐项目后台开发，涉及的工作范围：
1. 数据管理、数据分析平台：包含曲库、音乐内容等的数据录入和数据管理；各运营活动的管理平台；大数据分析，音乐属性分析，曲库内容趋势分析等；
2. 配置、A/B test 平台：A/B test的管理和用户行为跟踪；
3. 音频处理相关：目前在开发中的音频指纹服务；","1. 具有良好的产品需求沟通能力，主动性强。
2. 使用编程语言包含但不限于：C/C++、python、go。
3. 掌握网络编程技能：TCP/IP、socket编程、服务器模型；掌握使用数据库mysql、mongodb。
4. 基本数据结构和算法；
5. 熟悉开发项目管理和流程，使用git进行代码管理。"
21557-音视频专项技术测试工程师(深圳),深圳,"1. 负责音视频质量专项技术测试，包括用例设计评审，制定测试方案并评估风险、缺陷跟踪和质量分析等；
2. 推动建设自动化测试体系，同时引入业界测试方案，协助团队提升测试的质量和效率；
3. 能独立执行项目测试，包括性能、稳定性、兼容性，音质，画质，网络策略等方面；
4. 在项目中保持与产品经理、开发的积极有效沟通，快速推动问题解决；
5. 结合项目特征，挖掘业务相关的各种专项测试需求；","1. 计算机相关专业本科以上学历；
2. 3年以上系统测试或专项测试经验，精通软件测试理论和方法；
3. 具备一定的自动化测试经验，对质量体系、流程、测试风险把握，测试范畴的定义有很好的理解和应用；
4. 具备音视频底层相关技术测试经验者优先；
5. 熟练掌握至少一种脚本编程语言者优先，包括但不限于Python、Shell等；
6. 具备一定的网络基础知识者优先；
7. 有丰富的手机端产品测试经验者优先；
8. 熟悉以下全部或部分领域者优先：时延、卡顿、CPU、内存、稳定性、流畅度 、网络流量、音质、画质等等；
9. 熟悉音视频方面专项分析工具者优先；
10. 具备良好的沟通能力、抗压能力和团队合作意识；"
GY0-腾讯云海外商务拓展（深圳）,深圳总部,"本科及以上学历，毕业后有IT项目开发集成经验者优先；
5年以上相关工作经验，对传统IT有深刻的认识，对互联网+有一定的了解，熟悉云计算、大数据分析和移动互联网，对新技术、新商业模式有激情；
有较强的分析能力和创新精神，有行业经验者优先；
有较强的沟通协调能力，具备良好的团队合作精神，执行能力强，勇于承担高强度的工作压力；","负责腾讯云计算在“互联网+”领域的商务工作；
负责大客户关系管理、合作伙伴关系管理和区域市场维护；
聚焦在互联网/视频/金融/电商等特定领域，制定并推动区域/行业/重点客户的市场拓展计划的执行，以达成公司制定的任务目标和KPI考核目标；
整合公司内部资源，提供最佳互联网+行业解决方案;
英语可以作为工作语言"
GY0-高级交互设计师（深圳）,深圳总部,"负责腾讯海外产品的UX工作，包括toC toB业务方向，负责从概念、原形到落地的设计过程；
参与产品需求规划及制定过程，提出设计方向及目标并推动执行落地；
实地参与海外市场及用户研究，挖掘市场方向洞察用户痛点，并提出创意解决方案；
参与设计前瞻性的研究并关注设计流行趋势，并能及时提炼形成方案应用到项目中；","本科及以上学历，视觉传达、工业设计、人机交互等专业；
5年以上互联网产品交互设计经验，有视觉基础能力优先；
熟悉互联网产品交互设计相关流程，包括需求分析、用户研究、原型设计等；
对交互理论有较深的理解，对产品敏感，能够在复杂的约束条件下找到平衡或者创新的方法;
较强的沟通能力，积极并富有创造力，善于团队协作；"
26564-海外社区运营(深圳）,深圳总部,"负责海外游戏社区的用户增长运营，制定增长策略并达成增长目标：基于海外社交平台等设计社交传播裂变玩法，获取自然增长用户；
深入分析挖掘海外用户行为和渠道的数据，优化裂变玩法和渠道运营，提升用户增长转化率；
结合游戏节点及市场情况、竞品分析等，制定高效获取新用户的增长策略，并推动快速落地实施。","有过海外渠道推广和分享传播用户增长的运营经验；
对数据敏感，有良好的数据分析挖掘能力，并能有效地输出和影响团队；
热爱游戏，能够很好地组织和协调资源解决问题、达成目标；
思维活跃，有创意，有海外渠道合作经验优先。"
CSIG15-语音识别后台开发高级工程师,武汉,"1. 根据语音识别算法研究原型，实现对应的可上线服务（代码开发、性能优化、高并发架构设计）
2. 根据最新的开源框架或者论文，配合算法研究员搭建训练流程pipeline
3. 修改现有训练脚本及线上功能服务模块","必要技能：
1.  熟悉linux平台开发，熟练掌握python、c++等语言，具有比较丰富的后台服务开发经验
2. 了解机器学习相关基础知识，例如Logistic Regression、Decision Tree、attention机制，LSTM等
3.  有基于深度学习框架下训练或者开发的经验，比如TensorFlow、PyTorch、Caffe、Kaldi等等

加分项：
1. 有语音识别、NLP、图像识别相关方面实操经验（参入过线上产品开发）
2. 较好的算法复现能力，能独立阅读、分析、并还原paper上算法过程
3. 了解各种常用的神经网络结构，能看懂神经网络结构描述文件"
PCG04-IOS终端开发工程师（北京）,北京,"参与Devops相关工具链和平台的建设工作； 
参与IOS产品的质量保证工作，推动提升代码质量；
参与IOS产品研发流程的改进，提升研发效能。","本科以上学历，计算机相关专业，3年以上相关工作经验；
熟悉IOS平台应用开发并有成熟产品开发经验，独立在应用商店发布作品者优先；
熟悉IOS单元测试、自动化测试，具备Devops实践经验；
对业界开源软件有持续关注，并对一些核心组件有过深入的了解；
能独立承担任务，具备优秀的分析和解决问题的能力；
有团队精神，具有良好的沟通能力。"
21309-深圳市腾讯教育科技有限公司--小学初中高中各科目老师（北京）,北京,"针对小学、初中、高中语文、数学、物理、化学、英语、生物、历史、政治等科目制定科目课程产品，进行题库、多媒体等教研内容建设；
进行线上系统课及专题课授课以及以提升学生学习体验为导向的课程服务；
对课程质量进行把关审核。","本科及以上学历，3年以上工作经验；
对K12教育有深入的理解，有丰富的授课经验，尤其是语文、数学、物理、化学、英语、生物、历史、政治等科目
对于在线教育有一定的理解，有直播授课经验优先；
优秀的学习与沟通能力，执行力强。
注：此岗位为腾讯旗下全资子公司编制岗位"
21309-3D动画设计师（深圳）,深圳总部,"1、负责ABCmouse等一系列教育产品的3D图形及动画设计；
2、根据产品及项目需求，还原原画设定基础上，设定相应（场景、角色）3D模型，渲染；
3、观察角色特征，赋予角色灵魂，为角色设定骨骼动画，包括面部表情、附件、道具及动画后期制作；
3、制定相关3D造型和动画设计规范；
4、审核和协调外部供应商制作，保证产品风格输出的质量和一致性。","1、本科及以上学历，3年以上相关工作经验；
2、有动画设计或游戏3D相关工作经验；
3、造型能力和动画基础扎实，节奏感强，对不同风格的动作设计理解到位；
4、掌握3D渲染及动画制作常用软件如C4D/3DMAX/Maya/PR/AE等，能快速掌握新的技术或制作流程；
5、思维活跃有创意，了解互联网趋势及年轻人娱乐喜好；
6、有较强的抗压能力，团队合作意识强，有极高的工作责任心、正直，执行力强，善于沟通。"
21309-在线教育-UI设计师（深圳）,深圳总部,"负责腾讯课堂或企鹅辅导的前期视觉用户研究、设计流行趋势分析、 视觉风格设定；  
能够独立承担并高效率、高品质的完成视觉设计相关工作； 
能够发掘和思考产品未来的发展和设计方向，以及对前瞻性产品的创意设计，参与团队的专业化建设和知识传播。","本科及以上学历，美术、设计或相关专业本科以上学历； 
从事设计行业工作3年以上，对工具型网站的设计有丰富经验、对视觉用户研究有一定经验和见解；
善于捕捉流行趋势，并能推动团队的设计能力； 
热爱设计，拥有宽广的行业（平面设计、互联网、手持应用）视野与时尚的审美标准； 
具备良好合作态度及团队精神，并富有工作激情、创新欲望和责任感，能承受高强度的工作压力。"
TEG14-高级业务运维工程师（深圳）,深圳总部,"负责社交类（图片、文件、C 2C）业务平台的容量管理、监控、发布等日常运营，保障业务稳定性; 
负责相关业务的运营数据分析、运营质量分析等运营工作; 
负责相关业务的运营优化、预算，制定相关运营规划；
负责业务的架构、成本等方向的优化工作；","本科以上学历，计算机软件或相关专业；
熟练使用Linux/unix操作系统，精通Shell编程，熟练掌握Python或go编程为佳；
有良好的网络、存储、安全、计算机体系结构方面的知识，有linux系统调优经验者优先；
有服务器集群的管理经验， 熟悉互联网产品基本架构，有互联网产品研发或运维经验者优先考虑；
工作细致、善于思考，有很强的数据分析和问题解决能力；
能胜任7*24小时故障响应及处理，具有较强的责任心、良好的沟通和协调能力。"
TEG09-机器学习平台专家工程师,深圳总部,"负责机器学习平台的设计与开发，包括：
性能优化，持续提升训练性能，包括多机多卡大规模训练优化，数据交换优化，自动化模型设计和参数调优等；
易用性优化，持续提升平台易用性，降低机器学习应用门槛；
积极追踪业内AI动态，优化内部技术方案，改进产品性能，不断推进AI架构升级；
关键技术攻坚项目的带头人，疑难问题的终结者；","硕士及以上学历，计算机，数学或AI相关等专业，5年以上相关工作经验；
对机器学习及其在互联网行业的应用有深入的理解和浓厚的兴趣；
对tensorflow, caffe等机器学习框架有深入的理解，主导过相关优化项目；
有深度学习，强化学习，海量数据处理和并行计算开发经验者； 
有GPU高性能计算，RDMA高性能网络经验者优先；
有发表过相关论文者优先。"
15573-游戏后台开发工程师(深圳),深圳,"负责手游服务器的设计和开发，参与分布式后台系统开发和底层优化工作；
与客户端开发及策划设计人员进行良好的沟通，高效的与客户端同事合作设计编码和调试。","计算机相关专业本科及以上学历，2年以上服务器开发经验；
 良好的逻辑思维和编程习惯，熟悉linux操作系统下的c/c++；
 熟悉tcp/udp等协议相关知识，熟悉网络编程；
 全面的软件体系结构知识，熟练掌握面向对象技术、数据结构及应用，熟悉设计模式；
 具备良好的分析、解决问题能力，及良好的沟通协作意识，能承受一定的工作压力；
 有游戏服务器开发经验优先， 对网络同步有深刻理解优先。"
15573-手游客户端开发工程师（深圳）,深圳,"负责游戏移动终端系统案架构设计；
负责游戏移动终端关键技术攻关工作；
产品需求的技术可行性评估, 程序框架及技术方案的设计和具体实现；
协助美术和策划建立高效的游戏内容制作流程, 完善并持续优化工具链。","本科及以上学历，2年以上相关经验，至少参与过一款3D游戏项目, 对游戏研发技术领域有系统的了解和关注；
系统全面软件相关知识结构(操作系统、软件工程、设计模式、数据结构), 精通C/C++、Java、C#其中的至少一种编程语言；
具备良好的分析解决问题能力, 责任心强, 有较高的自我管理和任务跟进推动能力；
在框架设计、渲染、动画, 物理、AI等其中某一技术领域有丰富的经验；
有Unity3d, UnrealEngine, CryEngine, Gamebryo等商业引擎实践经验, 并了解其核心技术实现原理；
出色的学习和技术研究应用的能力, 良好的团队协作能力, 善于沟通, 敬业专注；
热爱游戏，有梦想有追求。"
TEG06-应用开发高级工程师（深圳）,深圳,"负责公司行政领域产品的开发工作；
为产品发布及持续优化提供技术及运营支持。","本科及以上学历，计算机、通信或相关专业；
4年以上互联网、软件或 IT 相关领域技术开发经验；良好的沟通表达能力，产品意识好，思维敏捷，执行力力强，对待工作认真严谨、高度负责； 扎实的计算机相关基础知识、全栈开发知识结构、较好的数据结构运用能力、较强的算法设计和逻辑思维能力； 
全栈开发技能掌握，掌握html5/css/js，熟悉浏览器渲染性能优化机制，熟悉使用主流web开发框架,有nodejs,vue使用经验者更佳；
至少在以下任意一项达到熟练水平 dotnet/java/golang；
熟悉mysql、SQL语言以及应用、对数据库设计和优化有实践经验；
至少在以下任意两项以上达到熟练水平： 有企业应用服务组件的设计经验（队列、文件存储服务、图片存储服务、工作流服务等）；加解密、签名校验基础知识，安全对抗理论；elk工具部署应用经验；高并发网络服务模型，容灾恢复实践，分布式存储运用；Linux服务应用及原理（Nginx，Memcached，SFTP等等）；
加分项：持续坚持写技术博客；熟悉微服务框架、有CI/CD者优先。"
31506-金融风控产品专家,北京,"1、负责金融风控行业前沿研究，发掘新兴的市场商业机会；
2、与金融行业监管和重点金融机构紧密合作，探索新的合作模式；
3、与行业金融科技公司合作，结合腾讯的金融安全能力探讨双方可行的合作模式；
4、负责收集行业客户对于产品需求反馈，与产品研发部门沟通，不断完善产品和方案模型。","1、具有金融行业风控工作经验，深刻理解行业主流技术；
2、具有很强产品设计和方案整合能力，有较强的沟通表达能力；
3、具有较强的抗压能力，高效工作，能够适应频繁出差；
4、博士及以上学历，知名金融行业至少8年工作经历。"
WXG10-企业微信终端开发（IOS/Mac）- 成都,成都,负责企业微信跨平台底层开发 以及 IOS\mac版本开发,"1、熟练掌握Objective-C 或者 C/C++语言 
2、熟练使用常用算法和数据结构 
3、熟悉TCP/IP、HTTP、UDP等网络协议 
4、了解常见数据库的基本原理和常规用法 
5、擅长追求代码执行的效率、健壮性、可读性，理解常见设计模式的内在意义 
6、良好问题分析能力、沟通能力
7、有音视频算法优化经验的，上述条件可适当放宽"
PCG10-浏览器功能应用Android开发工程师,成都,"负责QQ浏览器功能应用类的业务开发；
负责功能应用类相关性能优化；
参与对新的工具技术能力的演进调研",具备扎实的Java语言基础； 精通Android开发平台及框架，具备两年以上的开发经验； 熟悉网络编程，熟悉TCP/IP、UDP、HTTP等协议； 熟练使用ADT工具，具备Android平台性能优化的经验； 熟悉常用数据结构与算法，有良好的编程习惯和软件设计能力； 自学能力强，沟通协作意识好，能够承担一定的工作压力。
15575-《王者荣耀》图形渲染开发工程师（成都）,成都,"负责高级渲染效果算法研究以及在项目中的实现和优化；
协助TA/美术进行渲染效果开发以及资源制作管线开发迭代；
根据实际需求对引擎进底层行优化改造以满足表现效果。","本科及以上学历；3年以上游戏相关开发经验；
精通图形学相关知识，能在移动平台上实现和优化主流渲染算法；
熟练使用UE或Unity等商业引擎，至少精通一款；
了解掌握各移动平台渲染API（GLES/Metal/Vulkan）特性，有渲染器开发经验者优先；
有引擎底层修改或维护经验者优先。"
29912-nlp方向,深圳,"岗位职责： 
NLP方向",NLP方向经验
23674-新闻后台高级开发工程师,北京,"参与腾讯新闻客户端后台业务系统设计、开发与实现；
结合需求设计实现安全、稳定、高伸缩性、高性能、易维护、易用性好的业务系统；
根据系统发展，对技术架构不断调整，持续优化。","计算机相关专业本科以上学历，3年以上golang开发经验； 
计算机基础知识扎实、对常见数据结构和算法比较熟悉，具备较好的独立解决问题的能力；
熟悉各种开源缓存产品，缓存策略；
熟悉各种数据库存储方案和优劣，丰富的查询优化经验；
熟悉各种开源框架的优缺点，自己开发过框架者优先考虑； 
熟练掌握gitflow工作流；
故障防范意识较强；
抗压能力强，分析解构能力，代码阅读能力，自我驱动能力强；
热爱编程，对开发工作富有激情，保持开放好学的心态；
对代码的审美有苛刻的追求，要求结构清晰，命名规范，逻辑性强，代码冗余率低。
有微服务开发经验优先。"
PCG04-研发效能改进工程师,深圳,"1、负责产品团队内研发效能改进方案设计，制定整体的解决方案，并推动在业务团队内的落地实施； 提高整体研发效率和交付能力。
2、有实际的项目数据驱动实践，熟悉度量方法，通过量化透明，有效驱动过程改进。
3、有丰富的软件工程理论知识，能敏锐发现项目过程中的风险和问题，对所在业务团队进行研发改进推动实施； 
4、具备优化项目开发流程并抽象工具平台需求的能力，推广团队优秀工程实践，推进整体研发工程效率的提升；
5、提供基本的工程效能提升及敏捷过程改进培训，负责课程的培训讲授；","1、国家统招本科及以上学历，计算机、软件工程、数学等相关专业；
2、杰出的自我驱动学习能力，能独立思考，乐于接受挑战，在压力中突破自己； 
3、具有极强的互联网思维，愿意接受新鲜事物，乐于分享和传递； 
4、具有3年以上开发测试或软件项目管理工作经验、工程效能改进项目经验；
5、熟悉信息架构设计，熟悉基于UML的数据建模方法，有数据建模工具使用经验，优先考虑；"
18432-政府关系（深圳）,深圳,"涉及境内与跨境网络支付或金融科技类监管政策的资质申请、政策解读、政策执行与优惠类政策争取及各项政府事务等；
对口各地金融监管部门处理涉及腾讯支付业务、金融科技等执法检查、非现场调查、专项调研及各类政府关系事务；
协助内部相关部门推动各项金融监管政策的执行与合规管理类事务、跟踪并研究涉及金融科技类最新监管政策事项。","本科及以上学历，经济金融、法律类相关专业；
5年以上支付机构或银行、证券、保险等相关部门政府外联、合规管理或风险控制工作经验；
熟悉支付机构监管事务及金融监管部门办事流程，熟悉金融监管部门办事流程与各项事务，具有监管部门工作经验者优先；
具备较强的项目管理能力、执行能力与团队合作精神；
正直踏实，工作态度积极进取；
有一定的文笔功底，能处理各类政府公文及相关报告，熟悉工商、税务、金融监管等工作流程，可适应较为频繁出差工作。"
25667-产品总代运营管理（深圳）,深圳,"1、负责腾讯云产品总代的拓展和商务模式制定；
2、负责总代产品布局、市场激励、渠道培训和客户冲突管理；
3、负责总代风险管理、产品周转、业务流健康、进销存管理等。","1、本科以上学历，八年以上总代管理和通路建设经验；
2、具有独立总代产品超盘和产品线布局能力；
3、熟悉总代分销渠道盈利结构、冲突管理、进销存管理。  通过腾讯云技术认证或同等资格认证的优先录取。"
25667-IDC高级商务拓展经理（深圳）,深圳总部,"1、IDC/CDN商务拓展：根据公司总体规划，负责IDC机房的选址、考察等前期技术交流、CDN节点资源落地实施相关的商务谈判、合同签署、计费支付等商务全流程工作，负责业务运行所需的网络、专线资源的商务工作；
3、运营商沟通与合作：负责所辖地区的各地运营商商务接口，建立并维护双方长期、深入、全方位的战略合作伙伴关系，支撑公司业务发展与运营商战略落地实施；
3、运维支持：作为公司与电信运营商/供应商的第一接口人，负责建立双方规划、运维、网络团队的沟通机制，协调解决业务运行过程中的各类运维问题与优化需求；","1、统招本科以上学历，3年以上工作经验，工作地点深圳；
2、具备电信运营商工作经历或大型互联网公司IDC/CDN业务拓展工作经验，熟悉国内互联网发展与电信运营商概况，熟悉运营商商务拓展的工作流程与工作方式，对国内IDC/CDN产业的现状与发展趋势有深入了解;
3、性格开朗，沟通能力强，善于合作，抗压能力强，具备优秀的协调能力和谈判能力；
4、工作积极主动并具备高效的分析和执行能力，学习能力强，有强烈的责任心;   通过腾讯云技术认证或同等资格认证的优先录取。"
25667-IDC高级商务拓展经理（上海）,上海,"1、IDC商务拓展：根据公司总体规划，负责IDC机房的选址、考察等前期技术交流、CDN节点资源落地实施相关的商务谈判、合同签署、计费支付等商务全流程工作，负责业务运行所需的网络、专线资源的商务工作；
3、运营商沟通与合作：负责所辖地区的各地运营商商务接口，建立并维护双方长期、深入、全方位的战略合作伙伴关系，支撑公司业务发展与运营商战略落地实施；
3、运维支持：作为公司与电信运营商的第一接口人，负责建立双方规划、运维、网络团队的沟通机制，协调解决业务运行过程中的各类运维问题与优化需求；","1、统招本科以上学历，3年以上工作经验，工作地点上海；
2、具备电信运营商工作经历或大型互联网公司IDC业务拓展工作经验，熟悉国内互联网发展与电信运营商概况，熟悉运营商商务拓展的工作流程与工作方式，对国内IDC产业的现状与发展趋势有深入了解;
3、性格开朗，沟通能力强，善于合作，抗压能力强，具备优秀的协调能力和谈判能力；
4、工作积极主动并具备高效的分析和执行能力，学习能力强，有强烈的责任心; 
  通过腾讯云技术认证或同等资格认证的优先录取。"
25667-金融行业渠道销售,上海,"1）拓展金融行业解决方案提供商、综合集成商的高层客户关系、各地isv的拓展、渠道建设、销售团队管理；
2）根据腾讯云产品能力、生态，结合上述行业特性，策划互联网+云计算+金融科技解决方案及业务产品工作；
3）梳理腾讯及合作伙伴资源，形成联合产品和方案，为相关行业客户提供创新、变革的行业解决方案；
4）销售数字导向，完成既定销售指标；","1）能够团队作战，承担压力，扛起责任，以结果为导向，配合团队完成销售数字；
2）面向IT行业（金融方向），不少于5年或以上的相关从业经验，熟悉该行业内的人和事；
3）主导过较大型项目的招投标工作和内外部合作；
4）有合作伙伴拓展和渠道管理的经验，在情况复杂的情况下开展工作的经验；
5）IT及云产品方面的知识储备；对于云计算、大数据、AI、互联网营销、区块链等有清晰的了解和认识，对于金融科技领域的技术和方案要有深刻的理解；
6）思维逻辑清晰，敏锐的市场洞察力，强自我驱动力和执行力；
7）能够适应较为频繁的出差；  通过腾讯云技术认证或同等资格认证的优先录取。"
25667-行业渠道烟草行业大客户经理（北京、上海、深圳）,深圳总部,"1）负责烟草行业的高层客户关系、各地烟草集团的拓展、渠道建设、销售团队管理；
2）根据腾讯云产品能力、生态，结合烟草行业特性，策划互联网化制造行业解决方案及业务产品工作；
3）梳理腾讯及合作伙伴资源，形成联合产品和方案，为烟草行业客户提供创新、变革的行业解决方案；
4）持续跟踪烟草行业的反馈，提升腾讯云在烟草从业人员群体中的影响力和口碑，持续把握竞品动态，保持行业竞争力；
5）销售数字导向，完成既定销售指标；","1）能够带领团队作战，承担uu压力，扛起责任，以结果为导向，带领团队完成销售数字；
2）面向烟草行业（总局，烟草集团）销售及管理背景，不少于10年或以上的烟草行业从业经验，熟悉该行业内的人和事；
3）或者做过10年或以上的政府、央企的销售工作，主导过较大型项目的公关、招投标工作；
4）有合作伙伴拓展和渠道管理的经验，在情况复杂的情况下开展工作的经验；
5）IT及云产品方面的知识储备；对于云计算、大数据、AI、互联网营销、区块链等有清晰的了解和认识，对于烟草行业内的技术和方案要有深刻的理解；
6）思维逻辑清晰，敏锐的市场洞察力，强自我驱动力和执行力；
7）能够适应较为频繁的出差；
8）  通过腾讯云技术认证或同等资格认证的优先录取。"
25667-行业渠道经理（投后）（深圳总部）,深圳总部,"1）面向腾讯投资的企业，梳理投后企业内部各条线关系、开展渠道建设工作，定期汇总合作项目商机。
2）从行业需求、痛点出发，梳理腾讯云产品能力及投后企业内部资源，形成联合产品和方案，为各行业客户提供创新、变革的行业解决方案； 
3）针对投后企业内部各部门技术及业务需求，调动腾讯各类别资源予以支持，开展技术交流、培训、认证，项目商务合作等相关工作，促进投后企业业务转型升级；
4）筹备行业市场活动，在全国以及区域召开行业市场活动，配合各级销售单元推广宣传腾讯云解决方案，以及与合作伙伴共同开发的联合方案；
4）持续跟踪投后企业业务发展趋势，把握竞品动态，保持腾讯云在投后企业内部的技术和市场竞争力； 
5）与腾讯云各级别销售展开协同配合，开展生态建设
6）销售数字导向，完成既定销售指标","本科以上学历，通信、计算机相关技术或市场营销等相关专业；?
5年以上云计算领域或IT行业领域渠道相关经历，有独立跟踪并完成大型项目经验；?
具有良好的谈判能力和说服及语言表达能力，有良好的客户资源优先；
  通过腾讯云技术认证或同等资格认证的优先录取。"
25667-行业渠道经理（投后）（北京）,北京,"1）面向腾讯投资的企业，梳理投后企业内部各条线关系、开展渠道建设工作，定期汇总合作项目商机。
2）从行业需求、痛点出发，梳理腾讯云产品能力及投后企业内部资源，形成联合产品和方案，为各行业客户提供创新、变革的行业解决方案； 
3）针对投后企业内部各部门技术及业务需求，调动腾讯各类别资源予以支持，开展技术交流、培训、认证，项目商务合作等相关工作，促进投后企业业务转型升级；
4）筹备行业市场活动，在全国以及区域召开行业市场活动，配合各级销售单元推广宣传腾讯云解决方案，以及与合作伙伴共同开发的联合方案；
4）持续跟踪投后企业业务发展趋势，把握竞品动态，保持腾讯云在投后企业内部的技术和市场竞争力； 
5）与腾讯云各级别销售展开协同配合，开展生态建设
6）销售数字导向，完成既定销售指标","本科以上学历，通信、计算机相关技术或市场营销等相关专业；?
5年以上云计算领域或IT行业领域渠道相关经历，有独立跟踪并完成大型项目经验；?
具有良好的谈判能力和说服及语言表达能力，有良好的客户资源优先；
  通过腾讯云技术认证或同等资格认证的优先录取。"
25667-渠道销售运营管理经理-客户及商机管理方向,深圳总部,"1、支持腾讯云渠道业务，建立及维护客户管理及商机管理体系，对商机有效性进行识别，并判断商机最佳的实现方式；
2、包括年度目标规划，周期业绩回顾，组织销售团队进行销售及运营目标制定，追踪目标达成情况等；
3、通过推动流程优化提升销售运营组织的效率；并定期分析业务进展
4、通过与行业、产品、直销、市场等横向团队的协同机制，实现合作伙伴的有效商机的最终落地 ；
5、搭建相关的运营工具及流程制度，包括客户流转规则与流程，客户业绩追踪看板的搭建等。","1、本科及以上学历，至少3年客户管理及商机管理经验；
2、丰富的招投标工作经验，熟悉招投标流程和相关法律，熟悉各类型的商务资质及使用场景；
有较强的商业风险意识；
3、具备优秀的问题识别与问题解决能力，能够基于商机信息及经验有效识别生意机会并驱动业务；
4、具备高效的沟通能力和项目管理经验，和多部门多团队沟通协调的经验和能力；
5、能够熟练操作Excel、PPT等办公软件；有较强的数据分析/商业分析/财务分析能力。
6、具备互联网工作经验者、与高层管理者合作经验、丰富的渠道销售管理经验者优先。  通过腾讯云技术认证或同等资格认证的优先录取。"
25667-运营商渠道销售,深圳总部,整合腾讯内部资源；  对接各重点地市和省级运营商，共同面向客户销售腾讯云为主的产品；  维系腾讯内部多产品线条关系，维系各级运营商关系。,运营商政企线条背景，熟悉ICT和云的更好；  客户界面良好，需要能同时维系产品线及运营商的关系；    能接受高强度工作，经常出差；  通过腾讯云技术认证或同等资格认证的优先录取。
30624-腾讯广告华北运营商行业广告销售经理（北京）,北京,"辅助行业销售，运用腾讯各产品为运营商行业客户制定网络营销解决方案；
综合分析客户产品、竞争对手、网络媒体选择方面的趋势、不断洞察和挖掘客户需求；
充分了解腾讯商业化产品资源，协助广告产品商业化开发及优化；
综合研究分析互联网趋势和行业趋势，完成运营商行业营销解决方案。","三年以上相关互联网广告销售经验；
具备数据分析、内容营销、产品商业化经验者优先；
具备较强的沟通及表达能力，能够快速理解客户的行业及产品特征，提出适合的互联网行销策略；
较强的广告策划、执行、控制能力，对营销及策划工作有浓厚兴趣；
性格开朗，思维敏捷，具备良好的应变能力；
有较强的学习能力，喜欢不断追求新知和卓越，富有开拓精神"
25667-传统企业/工业渠道销售（北京）,北京,"1）拓展传统企业（工业）、综合集成商的高层客户关系、各地isv的拓展、渠道建设、销售团队管理；
2）根据腾讯云产品能力、生态，结合上述行业特性，策划传统行业+互联网化制造行业解决方案及业务产品工作；
3）梳理腾讯及合作伙伴资源，形成联合产品和方案，为相关行业客户提供创新、变革的行业解决方案；
4）销售数字导向，完成既定销售指标；","1）能够团队作战，承担压力，扛起责任，以结果为导向，带领团队完成销售数字；
2）面向传统企业行业（工业），不少于8年或以上的相关从业经验，熟悉该行业内的人和事；
3）主导过较大型项目的招投标工作和内外部合作；
4）有合作伙伴拓展和渠道管理的经验，在情况复杂的情况下开展工作的经验；
5）IT及云产品方面的知识储备；对于云计算、大数据、AI、互联网营销、区块链等有清晰的了解和认识，对于传统企业领域的技术和方案要有深刻的理解；
6）思维逻辑清晰，敏锐的市场洞察力，强自我驱动力和执行力；
7）能够适应较为频繁的出差；  通过腾讯云技术认证或同等资格认证的优先录取。"
25667-传统企业/工业渠道销售（深圳总部）,深圳总部,"1）拓展传统企业（工业）、综合集成商的高层客户关系、各地isv的拓展、渠道建设、销售团队管理；
2）根据腾讯云产品能力、生态，结合上述行业特性，策划传统行业+互联网化制造行业解决方案及业务产品工作；
3）梳理腾讯及合作伙伴资源，形成联合产品和方案，为相关行业客户提供创新、变革的行业解决方案；
4）销售数字导向，完成既定销售指标；","1）能够团队作战，承担压力，扛起责任，以结果为导向，带领团队完成销售数字；
2）面向传统企业行业（工业），不少于8年或以上的相关从业经验，熟悉该行业内的人和事；
3）主导过较大型项目的招投标工作和内外部合作；
4）有合作伙伴拓展和渠道管理的经验，在情况复杂的情况下开展工作的经验；
5）IT及云产品方面的知识储备；对于云计算、大数据、AI、互联网营销、区块链等有清晰的了解和认识，对于传统企业领域的技术和方案要有深刻的理解；
6）思维逻辑清晰，敏锐的市场洞察力，强自我驱动力和执行力；
7）能够适应较为频繁的出差；  通过腾讯云技术认证或同等资格认证的优先录取。"
25667-渠道销售运营管理（深圳）,深圳总部,"支持腾讯云渠道业务，梳理合作伙伴市场策略，设定关键业务目标及指标拆解；
定期分析业务进展，包括年度目标规划，周期业绩回顾，组织销售团队进行销售及运营目标制定，追踪目标达成情况等；
通过推动流程优化提升销售运营组织的效率；
建立行业、产品、直销、市场等横向团队的协同机制，加强对渠道销售团队的支持 ；
搭建相关的运营工具及流程制度，包括客户流转规则与流程，客户业绩追踪看板的搭建等。","本科及以上学历，3年及以上的数据分析/商业分析/财务分析经验； 
具备优秀的问题识别与问题解决能力，能够基于数据及经验剔除有效的业务洞察及驱动业务的建议； 
具备高效的沟通能力和项目管理经验，和多部门多团队沟通协调的经验和能力；
能够熟练操作Excel、PPT等办公软件；
具备互联网工作经验者、与高层管理者合作经验、丰富的渠道销售管理经验者优先。  通过腾讯云技术认证或同等资格认证的优先录取。"
21309-在线教育运营设计师,深圳,"1、负责教育类产品运营活动页面的设计。根据运营需求，主导项目的设计定位，主导设定视觉风格，完善设计细节。
2、负责定义教育类产品的品牌设计（包括辅助图形、IP形象、元素、色彩、排版、字体等）。
3、负责挖掘各类品牌创意，输出设计方案并推动落地。","1、3年以上运营+品牌设计的经验，在图形、版式、色彩，插画方面有独到的表达与审美。
2、有扎实的美术功底，能用绘画表达创意并落地到最终设计呈现的能力。
3、有良好的总结和归纳能力，能不断提炼品牌设计和品牌传播的实践经验；
4、具有极强的沟通和团队协作能力，有高度Open的心态；
5、如有手绘、3D、动画等额外特长优先考虑。"
25667-企点渠道销售经理岗（深圳）,深圳总部,担任企点渠道经理，负责区域渠道体系建设及产品销售； 定期拜访渠道合作伙伴，充分了解客户需求并积极跟进，制定合理方案，负责方案提示、谈判，追踪公司相关部门的工作，保证方案的有效实施； 维持与现有合作伙伴的良好业务关系，及时更新公司产品信息，传达企业及品牌文化。,本科及以上学历，5年以上渠道或业务管理经验，有saas、互联网广告行业工作经验优先； 具备较强的学习、沟通、协调能力； 具备敏锐的市场洞察力、创造性思维和营销推广能力。  通过腾讯云技术认证或同等资格认证的优先录取。
25667-企点行业渠道销售经理（上海）,上海,"负责企点产品的行业渠道拓展工作，包括ISV/SI的维护及跟进，达成制定的销售业绩指标；（主要是汽车、金融、零售行业）；
发展、开拓、管理具战略意义的合作伙伴，与企点进行紧密型的业务合作，快速实现拳头优势和标杆效应；
定期拜访渠道合作伙伴，充分了解客户需求并积极跟进，制定合理方案，负责方案提示、谈判，追踪公司相关部门的工作，保证方案的有效实施；
探求多赢的合作模式，引入行业ISV产品在区域的推广，促进企点增值业务的市场化，帮助合作伙伴更加健康地发展。","本科及以上学历，5年以上渠道或业务管理经验，有saas、互联网广告行业工作经验优先；
有汽车、金融、零售、教育的行业渠道资源优先；
具备较强的学习、沟通、协调能力；
具备敏锐的市场洞察力、创造性思维和营销推广能力。  通过腾讯云技术认证或同等资格认证的优先录取。"
25667-腾讯云服务合作伙伴高级运营经理（深圳）,深圳总部,"负责腾讯云服务合作伙伴的引入、培养、管理、发展等全生命周期的管理，并优化相关流程规范与标准，促进服务合作伙伴生态持续健康发展，支撑腾讯云的业务发展；
负责腾讯云服务产品化制定、服务标准定价、服务采购流程、服务供应商绩效评估、结算付款等流程的设计、执行与监管；
对腾讯云服务分包项目（私有云、公有云的实施、运维、客服等）进行管理，确保项目进度、质量、成本、客户满意度符合项目和部门的要求。","全日制本科及以上学历，至少5年IT背景或互联网、软件开发、集成项目工作经验，3年以上大型传统企业、政府机关等的项目交付管理、采购等经验；
熟悉服务采购与供应商管理、熟悉项目管理全流程和方法论，具有良好的技术能力和客户服务意识，较强团队管理能力和组织协调能力，能够独立承担项目，解决项目过程中出现的问题；
熟知质量管理体系，具备多供应商、多合作伙伴的情况下的项目交付管理经验；
熟悉云计算、电子政务或者传统行业业务者优先；
有PMP证书、工信部信息系统项目管理师证书优先；
有技术服务流程运营与质量运营或财务管理经验者优先；
良好的沟通、交流和组织能力、出色的团队合作精神，具有大局观，有效控制目标达成；
有激情、意志坚韧，工作细致，负责，较高的抗压能力。  通过腾讯云技术认证或同等资格认证的优先录取。"
25667-腾讯云高级数据分析师（深圳）,深圳总部,"基于对业务深入全面的了解抽象业务核心逻辑，梳理和设计数据指标体系，建立数据分析模型，输出符合业务需求的数据分析框架和分析报告，辅助业务决策；
研究行业趋势和竞品信息，分析用户诉求的变化趋势，通过多维度的分析诊断业务问题，发现风险，挖掘机会点，为业务提供优化建议；
将数据分析思路和框架沉淀为数据产品解决方案，策划数据产品并推动落地，提升各团队的数据化和智能化程度。","本科及以上学历，数学、统计、计算机专业优先；
3年以上数据分析和数据体系建设相关工作经验，有知名咨询公司、云计算或知名To B企业相关工作经验优先；
精通Excel，掌握Python、R、SAS、SPSS等任一数据分析工具，熟悉SQL脚本编写，有海量数据分析处理经验及大数据分析计算平台的开发经验，熟悉Hadoop/MapReduce者优先；
具有深厚的统计学知识，懂财务相关知识的优先；
逻辑思维清晰，善于思考，具备较强的问题解决能力；
对数据敏感，擅长分析总结，能通过数据分析独立给出优化建议；
沟通能力强，抗压能力强，积极主动。
  通过腾讯云技术认证或同等资格认证的优先录取。"
22989-腾讯云高级Web前端研发工程师,深圳,"1.负责腾讯云视频产品前端架构与业务开发；
2.负责官网控制台、运营支撑系统、运营工具、web产品开发等；
3.负责新功能或特性开发、对已有代码重构、性能优化、安全加固，提升用户体验；","1.大学本科以上学历； 编程基本功扎实，熟练掌握 JavaScript ，熟悉常用前端框架（如 jQuery, React ,Vue等）； 
2.熟悉 CSS(3), HTML(5), Ajax 等相关技术，熟悉图表组件，例如eCharts等；
3.具备一定跨浏览器开发经验； 
4.具备良好的算法和数据结构相关知识，具备较强的模型抽象能力； 
5.了解 HTTP 协议，能定位常见的 HTTP 协议相关故障； 
6.了解基本的 Web 开发安全知识原理和防御； 
7.对业界动态有自己的见解，爱学习爱分享，善沟通； 
8.了解WebRTC优先。 通过腾讯云技术认证或同等资格认证的优先录取。"
29912-数据分析-增长,深圳总部,"""1、负责在以用户增长为导向的短视频产品中，推进数据分析工作，规划搭建数据指标体系和分析体系，以强数据导向推动短视频的增长目标；
2、拆解用户增长、留存、拉新、转化、ARPU 提升等细分目标，和产品、工程、算法团队配合,深度参与短视频产品需求讨论，功能定义等，制定数据需求和策略，安排优先级；
3、深入理解业务，围绕数据分析搭建完善的数据服务，驱动业务的发展；
4、分析用户行为、趋势以及大量AB测试小流量实验结果数据，充分利用机器学习对多维数据（PV,UV,时长等）关联分析；""","""1、本科及以上学历，计算机、统计、数学、通信等理工类相关专业；
2、熟悉数据库、数据仓库，有海量数据处理经验，熟练使用mysql和hsql
3、有扎实的编程能力和坚实的工程能力，熟悉python，hadoop, hive，spark等；
4、精通至少一门编程语言，熟练运用各种常用算法和数据结构，有独立的实现能力 ； 
5、熟悉机器学习、数据挖掘、数据分析、分布式计算至少某一方面，有较深的理论研究和实践经验优先； 
6、对数据敏感，善于从数据中发现疑点，具有推荐系统、社交、社区、短视频等相关工作经验优先；
7、熟悉增长黑客(Growth Hacking)，或对此有强烈兴趣者优先；"""
WXG08-微信搜一搜平台产品经理（广州）,广州,"主要参与微信搜一搜的内容与服务的接入平台的整体产品设计，规则制定及行业运营
需搜一搜全局出发，充分结合C端和B端的需求，打造富有竞争力的内容及服务搜索生态
制定行之有效的行业合作及运营策略并推动执行","要求3年以上相关工作经验
对搜索行业有足够的熟悉程度和热忱，基本功扎实；
要求至少2年以上的平台产品工作经验，尤其是与搜索直接相关的平台产品工作经验；
对至少一个重点垂直领域有深刻理解和实操经验，并能举一反三地进行经验总结和提炼，进而横向拓展；
有较完整的平台思维和B端思维，能敏锐找到C端和B端需求之间的结合点和平衡点；
有极强的跨团队沟通能力，开放，乐于合作，有同理心，抗压能力强。"
WXG08-微信搜一搜产品运营及营销产品经理（广州）,广州,负责为微信搜一搜制定完整的产品运营及营销策略，通过品牌推广，产品运营和活动运营等多种方式，推广搜一搜品牌，构建用户认知，进而达到用户增长的目的。,"要求3以上相关工作经验；
对搜索行业有足够的熟悉程度和热忱，基本功扎实；
有丰富的产品运营和市场营销经验，有成型的品牌营销学及用户消费心理学等知识框架更佳；
善于观察和分析，能透过现象看本质；
敢于创新，能突破现有框架思考问题；
有极强的跨团队沟通能力，有同理心，抗压能力强。"
22086-腾讯体育高级后台开发工程师（北京）,北京,"1、负责腾讯体育后台技术研发
2、参与项目架构设计、评审、技术攻坚和优化工作","1、计算机相关专业本科以上学历，三年以上开发工作经验；
2、精通C/C++，PHP和GO任意一种语言，熟悉Linux/Unix平台开发，至少熟悉一种脚本语言
3、精通TCP/IP与HTTP等网络协议相关知识，精通网络编程和多线程/多进程开发;
4、熟悉Mysql数据库开发，熟悉NoSQL，如memcache/redis；
5、具有海量数据处理，大规模分布式系统设计和开发经验者优先； 
6、精通Go语言开发者优先；
7、对RPC和微服务框架有深入了解和研究者优先；软件知识结构全面，基本功扎实。良好合作能力，善于沟通"
PCG10-Windows开发工程师（成都）,成都,"负责QQ浏览器Windows平台软件设计与开发工作；
持续优化QQ浏览器Windows版本,提高Windows版本的性能与质量；","本科以上学历，计算机相关专业，2年以上Windows平台开发经验；
熟悉C++ 、STL，能够主动跟进C++的语言特性演化并应用在项目中；
深入理解Windows基本原理，擅长UI、多线程、多进程、COM相关开发；
具备良好的调试能力，能够利用调试器处理疑难问题；
有DUI相关经验者优先；
具备良好的沟通表达能力，自驱力强，具备良好的团队合作精神；"
28481-肿瘤业务高级产品经理（深圳）,深圳总部,"参考各肿瘤临床指南，摘取关键词，并与实际病例对照，负责肿瘤全流程产品知识库建设
支持智能分诊、肿瘤全流程管理、健康卡，以及将来的其他产品","医学临床专业
有丰富的肿瘤领域经验和知识库建设经验"
30624-腾讯广告消电房产家居广告策划经理（北京）,北京,"辅助行业销售，运用腾讯各产品为客户制定网络营销解决方案；
综合分析客户产品、竞争对手、网络媒体选择方面的趋势、不断洞察和挖掘客户需求；
充分了解腾讯商业化产品资源，协助广告产品商业化开发及优化；
综合研究分析互联网趋势和行业趋势，完成行业营销解决方案。","具备数据分析、内容营销、产品商业化经验者优先；
具备较强的沟通及表达能力，能够快速理解客户的行业及产品特征，提出适合的互联网行销策略；
较强的广告策划、执行、控制能力，对营销及策划工作有浓厚兴趣；
性格开朗，思维敏捷，具备良好的应变能力；
有较强的学习能力，喜欢不断追求新知和卓越，富有开拓精神"
30361-WEB前端工程师(北京),北京,"负责文档项目前端开发以及H5的开发；
参与QQ核心业务和技术产品的原型设计和实现；
钻研各种前沿技术和创新交互，增强用户体验、开拓前端能力边界。","三年以上前端开发经验，对一到多个专项技术领域有较深入研究;
精通HTML5、CSS3、JavaScript等技术；精通前端性能优化技术；
熟悉React前端开发框架；
爱学习，动手能力强，能不断优化提升产品体验或拓展技术视野。"
22989-Senior Product Manager-MBA (Full-time),深圳,"• Define product strategy, develop business plans and create high-quality roadmaps for specific product areas; 
• Work closely with engineering teams, design and manage programs in an agile environment to bring products to market; 
• Manage the entire product development life cycle with multiple stakeholders, identifying client demands and solving key issues; 
• Launch and improve products while driving business growth; 
• Maintain relationships with major clients and manage implementation strategy and technology adoption; 
• Monitor and incorporate qualitative and quantitative customer and market feedbacks to create and implement new features and updates.","• MBA degree, bachelor degree majoring in Computer Science, Software Engineering and other Information Technology field is a big plus; 
• Analytical and data-driven, able to identify values from large data sets, and present concise findings; 
• Strong business acumen and ability to assess customer’s potential needs and identify market opportunities; 
• Ability to articulate complex technical issues to a wide range of audiences; 
• Over 5 years of work experience in one of the below fields is desired: Finance, Internet, Education, Automobile, Industries, Healthcare, Security and Retail, etc; 
• Fluent in English and Mandarin"
15605-游戏策划（深圳）,深圳,"负责FPS游戏的设计；
负责射击游戏的场景/关卡/战场设计；
负责设计游戏的角色，武器和技能设计。","资深FPS游戏策划，专精于武器以及技能设计；
或者专精于枪械手感调试机械性能设定；
或者专精于关卡地图设计的游戏设计师；
不限中外，有过主机游戏大厂工作经验的为佳。"
29316-KM-产品运营经理,深圳,"负责KM平台和乐问平台日常运营工作，承担活跃度、健康度等关键KPI；
负责KM的内容运营与用户运营，结合产品特性，制定运营策略和方案；
负责各项运营计划的制定和实施，以及相关运营活动的策划设计、实施和总结；","本科及以上学历，2年互联网从业经验，有社交产品运营经验者优先；
能够及时关注行业动态，了解行业最新资讯，并引发对自己产品的思考；
具备良好的用户感知，理解用户心智模型，从用户角度策划各项运营活动；
学习能力强，思维活跃，逻辑严谨，有主动思考的意识；
对数据敏感，有熟练的数据分析能力；
执行力强，结果导向，团队合作能力强"
25667-腾讯云服务合作支持经理（深圳）,深圳,"进驻一线项目组，宣导最新的合作政策与规则，助力项目合作的顺利开展；
推动总集商与分包商的谈判并进行必要的监督，保证合规性和价格的合理性；
协调解决项目中与合作伙伴相关问题与风险，推动项目往前走；
协助合作伙伴的商机与腾讯云内部对接，并拉通内部资源，助力项目商机运作落地与交付；
对服务合作伙伴的引入、培养、管理、发展等全生命周期的管理提供一线实践经验总结和反馈，持续优化合作规则与流程。","全日制本科及以上学历，至少5年互联网、软件开发、集成项目工作经验，3年以上大型企业、政府机关等IT类的项目交付管理、销售管理、合作管理、采购管理等经验；
2年以上复杂项目的合作伙伴管理（代理类、开发类、服务类）实战经验；
出色的商务谈判、合作谈判能力，较强的风险意识、应变能力；
具有较强的组织管理、协调沟通能力，能高效管理内部外部多组织多部门干系人的需求；
熟悉云计算、电子政务或者传统IT行业业务者优先，有PMP证书、工信部信息系统项目管理师证书优先；
有激情、意志坚韧，工作细致，负责，较高的抗压能力。"
TEG15-系统运维工程师(深圳),深圳,"负责腾讯计费平台的搭建和维护工作，包括：
负责腾讯出海游戏的计费模块建设、监管、维护等运维工作；
快速迭代实现产品需求，制定运维方案，按运维规范部署实施，及时解决运维环境系统故障；
确保计费系统安全性，健壮性，稳定性。","计算机相关专业本科以上学历，3年以上大型系统运维经验，熟悉运维规范；
精通linux操作系统，熟悉MySQL，至少掌握python/shell其中一种编程语言, 熟悉Linux脚本类处理工具(awk，sed等)；
掌握分布式的集群系统的设计并有相关维护经验，熟悉HTTP/DNS/TCP等网络协议；
思维逻辑清晰，能快速学习业务逻辑，有较好的问题分析及总结能力，善于主动发掘并优化工作中出现的问题； 
责任感强，有良好的服务意识与团队合作意识，抗压能力强。"
CSIG02-泛政府行业高级商业分析师（深圳）,深圳总部,"负责IT、教育、医疗、地产园区、文旅等行业分析，包括市场规模、产业链分析，潜在客户分析等；
竞争分析：竞品分析、竞争对手策略分析、核心成功要素分析；
客户洞见：客户现状分析、客户需求及痛点梳理 ；
合作谈判，确保战略目标达成。","本科或以上学历，计算机科学/通信工程/电子工程类专业背景；
有较强 的商业敏感度和逻辑分析能力，对数据的商业敏感；
熟悉基本的财务知识和财务分析工具；
具备较强的沟通能力和人际关系能力；
对互联网及云计算有热情，熟悉云产品者优先，有泛政府行业（教育、医疗、地产、文旅等）/IT行业/云计算行业战略规划、咨询工作经验者优先；
具有自主网站、移动应用开发经验者优先，英文流利者优先。  通过腾讯云技术认证或同等资格认证的优先录取。"
CSIG02-腾讯云教育行业方案架构师（深圳/北京）,深圳总部,"熟悉教育行业业务，并能对在线教育平台业务架构组成进行需求分析，同时能针对云计算产品规划出云解决方案，针对云上架构进行优化设计；
从网络、服务器、数据中心等不同层面设计传统企业上云的服务架构，提供IaaS/SaaS/PaaS/DaaS不同层级的解决方案；
确保重点项目的拆解和落地，推进项目实施以及解决方案可复制，推动跨部门合作，推动架构和产品优化；
了解行业技术发展变革方向，能针对云服务特点在行业解决方案上有前瞻性布局。","本科或以上学历，有5年以上服务端开发、运维经验，熟悉Java/Scala/Python/PHP/C/C++至少一种开发语言以及对应开发框架，熟悉高并发处理机制，有海量业务的架构、研发、运维、优化经验；
有成功的传统企业系统的大型应用经验，有面向客户沟通交流、调研需求、宣讲架构的能力，物联网经验优先；
熟悉Hadoop、Mysql、PostgreSQL、NoSQL、Oracle、Teradata、DB2等数据库中至少一种数据中心建设方案，可以进行产品的独立部署、高可用架构和性能优化，熟悉开源社区解决方案。
熟悉网络架构、虚拟化、分布式存储，深入理解IT基础设施领域，如服务器、网络设备的技术和架构，有IT交付经验优先；
具备团队合作经验，学习能力强，抗压能力强；
具备良好的文档能力，善于总结沟通，清晰表达技术观点和架构意图，能熟练的编写技术文档；
有一定的项目管理经验，能进行需求管理、期望管理、团队协作管理，有和ISV管理合作经验优先；
有PMP认证优先。  通过腾讯云技术认证或同等资格认证的优先录取。"
CSIG02-腾讯云高校产品经理（深圳）,深圳总部,"负责腾讯高校教育产品的功能策划、交互设计，产品优化；
负责用户反馈和数据分析、提炼用户需求、协调开发人员推动项目整体进展；
负责产品相关竞赛的策划和执行；
协助完成教育相关解决方案的包装，并制定产品市场策略；
协助制定高校教育产品的战略目标和方向。","本科及以上学历，3年以上产品经理工作经验；
熟练使用Axure、Word、Excel、PPT等工具；
优秀的问题分析、解决和逻辑思维能力，能够根据有限或不确定信息做出产品决策；
沟通表达、学习新知识、执行力、解决问题能力强；
有高校竞赛策划经验和教育行业相关产品经验者优先。  通过腾讯云技术认证或同等资格认证的优先录取。"
CSIG02-腾讯云行业方案架构师（北京/上海/深圳/成都）,深圳总部,"支持教育、建筑、医疗和文旅行业业务售前咨询，完成客户需求收集、引导和可行性分析；
根据客户需求独立完成产品解决方案、实施方案的设计和撰写；
支持汇总行业和客户需求信息，协同行业产品团队推进产品解决方案的迭代演进；
支持对区域商务和渠道合作伙伴培训赋能。","本科或以上学历，8年及以上售前顾问工作经验；
具备良好的需求抽取能力，客户痛点分析能力；
具备优秀学习能力，能够快速完成对于新行业的切入和分析；
具备优秀的沟通能力和良好的亲和力以及跨团队协作能力；
具备强烈的主动精神和推进能力；
熟悉toB，toG招投标运作模式；
具备教育、建筑、医疗和文旅等行业背景者优先，能接受不定期出差支持项目。  通过腾讯云技术认证或同等资格认证的优先录取。"
CSIG02-腾讯云教育行业方案架构师（成都）,成都,"了解教育行业的诉求和特性，并能针对教育行业客户需求定制、整理腾讯云解决方案，积极推动方案的实施与交付；
配合产品、研发推进老产品迭代更新，推出并推广新产品；
沉淀教育行业业务，联合客户和合作伙伴推动教育业务云生态建设。","计算机相关专业毕业，5年以上工作经验；
精通信息系统、大数据平台等系统架构，有丰富的教育行业架构经验； 
对云计算、大数据、AI和业务场景有清晰的认知和洞察，能够理解客户的业务需求和痛点，并运用技术帮助客户解决问题； 
对计算机网络、计算机系统、互联网系统架构具有良好的理解；
具备优秀的文档能力，良好的沟通表达能力，思维缜密；
积极主动，有很强的责任心，执行力强，团队协作能力强。
具有互联网相关研发、运维背景优先。  通过腾讯云技术认证或同等资格认证的优先录取。"
18435-高级web开发工程师,深圳,"负责金融类业务运营系统架构设计、Web代码及后台服务程序研发； 
负责运营支持系统的建设和研发工作，确保相关系统稳定可靠运行； 
参与系统的需求分析、评审、运营及业务运维。","本科以上学历，计算机或相关专业；3年以上相关工作经验； 
精通JAVA，基础扎实,有一定的架构能力和良好代码规范； 
熟悉linux/unix系统与开发环境，具备一定架构部署运维优化能力；
熟悉mysql以及SQL语言，具备手写SQL、SQL性能优化能力；
熟练掌握HTML5、css、Js、ajax、jquery、VUE等前端技术，具备一定的前端工程化能力；
责任感强、有较强的逻辑思维能力、沟通能力和抗压能力； 
有.net架构设计经验者优先；
有微服务、领域驱动实践经验者优先；
有高性能大容量服务系统设计开发经验者优先。"
S2-CSIG风险管理经理(北京）,北京,"1、负责对公司业务单位内部控制进行全面分析，评估并提供建议 
2、对供应商的提供的数据进行把关，排除其中可能存在的风险点
3、与业务部门配合，协助维护地图产品安全，防范竞争对手、境外等风险
4、跟进内部审计项目中待改进项，检测并定期汇报改善情况 
5、与业务单元的管理层沟通,汇报风险管理情况
6、进行风险管理及内控宣导和培训","1、至少5年内控或风险管理相关工作经验，具备丰富的内控风险管理计等专业经验 
2、具备一定的IT知识与业务敏感性，能对业务流程中的关键风险点做出把握并能提出有效的可落地的建议措施，并推动实施 
3、有良好的项目管理能力，能够独立完成项目计划、实施、工作底稿及报告材料整理及汇报等工作 
4、具备良好的沟通协调能力，团队合作能力 拥有职业敏锐度，能对业务流程中的关键风险点做出把握并能提出有效的可落地的建议措施，并推动实施 
5、熟悉互联网行业，有地图从业经验优先 
6、需要到深圳出差"
31677-腾讯地图用户研究员（北京）,北京,"-您将负责腾讯系地图类产品的用户研究工作
-针对体验层面开展用户测试，挖掘体验改进点，推动体验优化，成为用户体验质量的重要把关人;
-挖掘用户的特点、行为模式、体验及情感需求，对场景进入深入分析，为产品和设计创新进行方向探索;
-根据业务现状，分析用户行为和后台数据，开展用户满意度分析，为产品等相关部门提供有价值的数据洞察和分析报告。","-本科及以上学历，有工业工程、人机交互、工程心理学等相关背景;
-有地图、旅行、O2O类产品的相关研究经验者优先
-有2年以上日常驾车经验者优先;
-熟练运用各种定性及定量方法;
-拥有对产品最终体验质量高度的责任心与ownership意识。"
31677-腾讯地图位置服务视觉设计师（北京）,北京,"-腾讯位置服务大数据平台、位置服务众包 app 的视觉风格设定与方案输出；
-负责前期视觉用户研究、设计流行趋势分析；
-发掘和思考产设计方向和用户需求；
-驱动设计方案在项目中的完美落地；
-参与设计流程和设计规范的制定，保障规范的有效执行；
-参与团队的专业化建设和知识传播。","-5 年以上互联网行业设计工作经验，并有成功案例；
-有较强的自驱力和学习能力，能独立主导设计项目；
-态度积极，具有良好的沟通能力和优秀的自我管理能力， 具有良好的应变能力与抗压能力；
-具备良好的逻辑思维能力，善于分析用户行为与场景的关系，能沉淀相应设计方法；
-丰富的视觉设计系统性知识及美学理论基础，能够完美运用视觉要素，系统考虑视觉的统一性；
-对设计趋势及用户体验趋势有敏锐的洞察力，具有较强的设计技巧；
-熟练运用各类设计相关软件，建模能力、动效能力强者优先。"
23671-短视频运营leader,北京,短视频运营相关的工作,相关行业经验
TEG15-腾讯计费PHP开发工程师（深圳）,深圳,"负责公司计费商户平台的开发建设，包括但不限于米大师官网，计费开放平台，营销平台，Q币销售平台，配置中心等系统。
 负责计费中台的开发及维护工作；
 参与计费架构优化、安全加固等相关工作。

关于我们：计费主要产品(米大师)。米大师主要为客户提供一站式计费解决方案，聚合国内外主流支付渠道，提供对账结算、付费拉动、付费分析、立体监控等多维度服务，覆盖多类型，多场景，多终端，具备领先行业水平的高支付转化率和高可用性，多级商户管理与分润。","岗位要求 熟悉Linux操作系统，掌握apache/nginx服务器管理；
熟练掌握OOP编程和常见设计模式，有良好的编程习惯； 
3年以上以PHP为主的大中型互联网产品架构/开发/维护等经验；
 熟悉PHP主流的MVC框架，实际项目中有使用过CodeIgniter/Laravel/Yii/ThinkPHP/CakePHP/Symfony中的一种或多种； 
具备javascript、html、css等前端开发能力，熟悉jQuery、bootstrap、vue.js、react.js、Element-UI等常用框架； 
具备高度的责任心、良好的沟通技巧和团队合作精神、抗压精神。"
TEG15-腾讯支付产品高级产品经理（深圳）,深圳,"负责腾讯计费产品的市场分析、产品竞争力和策略分析； 
根据市场需要，拟定产品发展规划、产品设计、实施路线图； 
跨部门合作确保产品从设计、开发到上线的如期完成；
策划计费产品营销方案并组织、开展，确保达成产品的市场目标。

关于我们：计费主要产品(米大师)。米大师主要为客户提供一站式计费解决方案，聚合国内外主流支付渠道，提供对账结算、付费拉动、付费分析、立体监控等多维度服务，覆盖多类型，多场景，多终端，具备领先行业水平的高支付转化率和高可用性，多级商户管理与分润。","本科及以上学历；
至少具备3年以上产品策划工作经验，互联网产品优先；
具备良好的沟通能力，善于挖掘客户需求；具备良好的团队协作能力和合作精神；
有大型互联网产品的策划、运营的经验，有良好的产品思维。"
31112-腾讯视频游戏中心后台开发工程师（北京）,北京,"负责视频游戏后台主站及活动自动化运营系统开发；
与产品、技术一起探讨、设计、实现新功能和迭代开发。","全日制统招本科毕业，3年以上工作经验； 
后台开发能力扎实，精通linux底层c/c++开发，熟练应用go，
熟悉数据结构，计算体系结构，操作系统内核原理，TCP协议栈等；
熟悉 Mysql及Nosql 数据库（Memcached、Redis 等）；
热爱技术，具备快速学习能力，做事情严谨踏实，有合作精神。"
30620-腾讯广告微信广告排序算法研究员（深圳）,深圳,"微信广告流量作为腾讯社交广告的重要组成部分，正在高速成长，也为腾讯的广告业务增长做出了重要贡献。我们需要从策略上，进行更有效的广告分发的同时，兼顾广告平台的生态，平衡广告主，平台以及用户体验的诉求，我们一起，做些改变。
主要涉及以下工作内容：
1、负责微信广告流量精排策略设计和实现；
2、负责微信广告合约广告策略设计和实现。","1、3年以上后台开发或者策略算法经验；
2、良好的数据结构和算法基础；
3、良好的语言基础，至少熟悉一门开发语言（java/C++）和一门脚本语言；
4、良好的沟通能力和快速学习能力；
5、有推荐或者广告等推荐系统经验者优先；
6、有机器学习、NLP经验者优先。"
28601-微信支付行业后台开发工程师,深圳,"帮助微信支付有机结合教培行业，成为教培生态中必不可少的组成部分；
方法包括但不限于：
打造更容易推广的教培行业B端收款工具和C端运营产品；
打造更受年轻用户群体欢迎的C端营销产品。","希望即将加入的你：
专业：计算机/网络知识扎实、代码能力扎实、逻辑清晰、有技术追求；
靠谱：凡事有交代，件件有着落，事事有回音，有主动思考并付诸行动，取得一定结果的经历；
责任：代码精益求精，设计仔细推敲，关注系统指标；
热情：对事业充满热情，费尽心思使用更有效的技术来不断超越目标；
精进：不满足于当下，愿意投入精力和时间不断学习成长；
和其他团队相比，在微信支付做事有什么不一样的地方？
业务连接B端商户与C端用户，同时关注商户收益与用户体验，如果你愿意，可以选择成为真正的全栈工程师；
我们始终坚持用行动关心你的成长，包括技术实力、业务视野、团队影响力一样不能少；
团队主打工程师文化，技术人员是团队的核心。"
30628-广告数据挖掘与算法工程师,上海,"负责展示广告售卖与投放算法的设计和维护工作；
构建支持展示广告售卖与投放算法的系统架构；
优化展示广告售卖与投放算法，提升变现能力。","全日制计算机本科及以上学历，计算机相关专业，3年以上相关工作经验，具备硕士、博士学历或ACM获奖经历优先；
扎实的数据结构和算法基础，精通C/C++、Java、Python等至少一门开发语言；
熟悉linux下的开发环境，极佳的算法与工程实现能力；
有数据挖掘、机器学习、深度学习等相关经验，具有强化学习开发经验者优先；
有广告系统、推荐系统算法开发经验者优先；
有进取心，责任心强，有良好的沟通能力和团队合作能力；
自我驱动意识强，能够主动快速学习新的算法与工程技术。"
30628-广告数据挖掘与算法工程师,上海,"负责展示广告售卖与投放算法的设计和维护工作；
构建支持展示广告售卖与投放算法的系统架构；
优化展示广告售卖与投放算法，提升变现能力。","全日制计算机本科及以上学历，计算机相关专业，3年以上相关工作经验，具备硕士、博士学历或ACM获奖经历优先；
扎实的数据结构和算法基础，精通C/C++、Java、Python等至少一门开发语言；
熟悉linux下的开发环境，极佳的算法与工程实现能力；
有数据挖掘、机器学习、深度学习等相关经验，具有强化学习开发经验者优先；
有广告系统、推荐系统算法开发经验者优先；
有进取心，责任心强，有良好的沟通能力和团队合作能力；
自我驱动意识强，能够主动快速学习新的算法与工程技术。"
31677-智能翻译高级交互设计师,北京,"* 您将负责腾讯翻译君，腾讯英语君等教育相关项目的用户体验设计的工作；
* 参与用户场景挖掘和用户行为细分，跟进产品需求制定的整个过程，提出设计目标以及用户体验目标;
* 基于用户需求和产品理念，建立长效的体验机制并输出相应的交互设计方案;
* 提炼设计方法与设计准则，并在设计团队内推行，对语言教育类产品进行深入的思考并沉淀个人见解。","* 5年以上互联网产品设计经验并有成功案例，需提供能够展示面试者能力的作品集，有教育类产品相关经验者优先；
* 逻辑思维严谨清晰，善于分析用户行为和场景并沉淀出相应的设计方法;
* 具备敏锐的洞察力，富有好奇心并能够持续学习，对互联网行业充满热情且对产品趋势有前瞻性的理解;
* 熟练运用各类设计方法和工具，通过高质量的设计原型清晰的表达设计理念;
* 极为出色的沟通表达能力，能够有效的建立合作信任关系;
* 独立思考，具备一定的项目管理和抗压能力。"
